uf_cod;uf_nome;ano;mes;competencia;leitos_comp_exist;leitos_comp_sus;leitos_int_exist;leitos_int_sus;obitos;aih_aprovadas;dias_permanencia;internacoes;media_permanencia;valor_total;populacao;dias_no_mes;razao_mediana;competencia_suspeita;leitos_sus_total;leitos_exist_total;taxa_ocupacao_pct;media_permanencia_calc;custo_medio_aih;taxa_mortalidade_pct;leitos_sus_por_mil_hab;aih_por_mil_hab;pressao_aih_por_leito;pct_rede_sus;pct_leitos_uti
11;Rondônia;2025;1;2025-01;841,0;431,0;4795,0;3794,0;358,0;10636,0;54972,0;10636,0;5,2;13741457,61;1751950;31;0,9246283578196992;False;4225,0;5636,0;41,97136858179042;5,168484392628808;1291,9760821737495;3,365927040240692;2,4115985045235306;6,070949513399355;2,517396449704142;74,96451383960256;10,201183431952662
11;Rondônia;2025;2;2025-02;848,0;442,0;4814,0;3839,0;330,0;10219,0;50925,0;10219,0;5,0;11755398,5;1751950;28;0,8883769451447449;False;4281,0;5662,0;42,48423265592151;4,983364321362169;1150,3472453273314;3,229278794402583;2,443562887068695;5,832929021946973;2,387059098341509;75,60932532673966;10,324690492875495
11;Rondônia;2025;3;2025-03;852,0;446,0;4962,0;3981,0;316,0;10762,0;51995,0;10762,0;4,8;11987991,39;1751950;31;0,9355820220811962;False;4427,0;5814,0;37,88701297754979;4,831351049990708;1113,918545809329;2,9362572012637056;2,526898598704301;6,142869374125974;2,4309916421956177;76,1437908496732;10,074542579625028
11;Rondônia;2025;4;2025-04;864,0;448,0;5013,0;4032,0;382,0;11551,0;52847,0;11551,0;4,6;13658025,29;1751950;30;1,0041728244805703;False;4480,0;5877,0;39,320684523809526;4,575101722794563;1182,4106389057224;3,307072980694312;2,557150603613117;6,593224692485516;2,578348214285714;76,22936872554024;10,0
11;Rondônia;2025;5;2025-05;858,0;448,0;5014,0;4032,0;369,0;11823,0;57383,0;11823,0;4,9;13811619,2;1751950;31;1,0278188298704685;False;4480,0;5872,0;41,318404377880185;4,853505878372664;1168,1992049395246;3,1210352702359807;2,557150603613117;6,748480264847741;2,6390625;76,29427792915531;10,0
11;Rondônia;2025;6;2025-06;860,0;449,0;5052,0;4131,0;369,0;11235,0;57486,0;11235,0;5,1;12193265,96;1751950;30;0,9767017299834826;False;4580,0;5912,0;41,838427947598255;5,1166889185580775;1085,292920338229;3,2843791722296394;2,6142298581580525;6,412854248123519;2,453056768558952;77,46955345060893;9,80349344978166
11;Rondônia;2025;7;2025-07;866,0;450,0;5020,0;4099,0;429,0;12610,0;64847,0;12610,0;5,1;14363642,67;1751950;31;1,0962357645831522;False;4549,0;5886,0;45,98458363766585;5,142505947660587;1139,067618556701;3,402061855670103;2,5965352892491222;7,197693998116384;2,772037810507804;77,285083248386;9,892284018465597
11;Rondônia;2025;8;2025-08;867,0;446,0;5063,0;4134,0;377,0;12371,0;60699,0;12371,0;4,9;13635815,6;1751950;31;1,075458576023646;False;4580,0;5930,0;42,75179602760952;4,906555654352922;1102,2403686039931;3,0474496807048745;2,6142298581580525;7,061274579753988;2,7010917030567687;77,23440134907251;9,737991266375545
11;Rondônia;2025;9;2025-09;872,0;448,0;5072,0;4163,0;327,0;12259,0;59936,0;12259,0;4,9;13935621,48;1751950;30;1,065721985568982;False;4611,0;5944,0;43,32827297043303;4,889142670690921;1136,7665780243087;2,667428012072763;2,6319244270669824;6,99734581466366;2,658642376924745;77,57402422611037;9,715896768596833
11;Rondônia;2025;10;2025-10;887,0;462,0;5107,0;4213,0;375,0;12766,0;61979,0;12766,0;4,9;14657347,96;1751950;31;1,1097974441450056;False;4675,0;5994,0;42,766258409522166;4,855005483315056;1148,1550963496788;2,9374902083659724;2,6684551499757414;7,286737635206484;2,730695187165775;77,99466132799466;9,88235294117647
11;Rondônia;2025;11;2025-11;899,0;465,0;5142,0;4265,0;365,0;12159,0;59073,0;12159,0;4,9;14272355,77;1751950;30;1,0570286012344605;False;4730,0;6041,0;41,630021141649046;4,858376511226252;1173,8099983551278;3,0018916029278726;2,699848739975456;6,940266560118725;2,57061310782241;78,29829498427414;9,830866807610994
11;Rondônia;2025;12;2025-12;932,0;455,0;5178,0;4301,0;347,0;11455,0;56751,0;11455,0;5,0;13150092,77;1751950;31;0,9958271755194297;False;4756,0;6110,0;38,4919558316829;4,954255783500654;1147,9784172850284;3,029244871235268;2,7146893461571393;6,538428608122378;2,408536585365854;77,83960720130932;9,56686291000841
11;Rondônia;2026;1;2026-01;931,0;455,0;5194,0;4301,0;349,0;11443,0;59331,0;11443,0;5,2;14006537,58;1751950;31;0,9947839693992871;False;4756,0;6125,0;40,24186765783119;5,1849165428646335;1224,026704535524;3,049899501878878;2,7146893461571393;6,531579097576985;2,406013456686291;77,64897959183673;9,56686291000841
11;Rondônia;2026;2;2026-02;926,0;451,0;5170,0;4304,0;322,0;11312,0;55734,0;11312,0;4,9;12404995,0;1751950;28;0,983395635921064;False;4755,0;6096,0;41,861198738170344;4,926980198019802;1096,6226131541725;2,846534653465347;2,71411855361169;6,45680527412312;2,378969505783386;78,00196850393701;9,484752891692954
11;Rondônia;2026;3;2026-03;869,0;446,0;5065,0;4203,0;441,0;13252,0;66478,0;13252,0;5,0;15065917,23;1751950;31;1,1520472920107798;False;4649,0;5934,0;46,12715880626427;5,016450347117416;1136,8787526411109;3,327799577422276;2,653614543794058;7,564142812294871;2,8505054850505487;78,34512976070104;9,593460959346096
11;Rondônia;2026;4;2026-04;870,0;446,0;5030,0;4167,0;358,0;12322,0;58001,0;12322,0;4,7;13326237,93;1751950;30;1,0711988176997305;False;4613,0;5900,0;41,91126526483128;4,707109235513715;1081,4995885408214;2,905372504463561;2,6330660121578813;7,033305745026969;2,6711467591588987;78,1864406779661;9,66832863646217
11;Rondônia;2026;5;2026-05;896,0;444,0;5068,0;4224,0;359,0;10613,0;54838,0;10613,0;5,2;12820257,89;1751950;31;0,9226288794227593;False;4668,0;5964,0;37,89562429167703;5,167059266936776;1207,9768105154058;3,3826439272590223;2,6644596021575957;6,05782128485402;2,2735646958011997;78,26961770623743;9,511568123393316
11;Rondônia;2026;6;2026-06;891,0;446,0;5187,0;4290,0;313,0;8456,0;50940,0;8456,0;6,0;10710668,02;1751950;30;0,735112579327132;False;4736,0;6078,0;35,85304054054054;6,024124881740776;1266,6352909176915;3,70151371807001;2,703273495248152;4,826621764319758;1,785472972972973;77,92036854228364;9,41722972972973
12;Acre;2025;1;2025-01;239,0;199,0;1577,0;1433,0;151,0;4541,0;21105,0;4537,0;4,7;4304797,54;884372;31;0,8926675840377433;False;1632,0;1816,0;41,716081593927896;4,647654701607576;947,984483593922;3,325258753578507;1,845377284672061;5,134717064764602;2,7824754901960786;89,86784140969164;12,193627450980392
12;Acre;2025;2;2025-02;239,0;199,0;1573,0;1429,0;132,0;4243,0;20483,0;4240,0;4,8;4158930,14;884372;28;0,8340868881462552;False;1628,0;1812,0;44,93462618462619;4,8274805562102285;980,1862220127268;3,111006363422107;1,8408543011311982;4,797754790970316;2,6062653562653564;89,84547461368653;12,223587223587224
12;Acre;2025;3;2025-03;239,0;199,0;1573,0;1429,0;169,0;5348,0;25325,0;5346,0;4,7;5349566,99;884372;31;1,0513072537841557;False;1628,0;1812,0;50,18031227708647;4,7354151084517575;1000,2930048616306;3,160059835452506;1,8408543011311982;6,0472289941336905;3,285012285012285;89,84547461368653;12,223587223587224
12;Acre;2025;4;2025-04;239,0;199,0;1579,0;1429,0;159,0;5887,0;26806,0;5874,0;4,6;5918330,98;884372;30;1,1572636131315117;False;1628,0;1818,0;54,88533988533989;4,553422795991167;1005,322062170885;2,7008663156106674;1,8408543011311982;6,656701026264966;3,616093366093366;89,54895489548956;12,223587223587224
12;Acre;2025;5;2025-05;219,0;179,0;1591,0;1441,0;152,0;5601,0;25666,0;5576,0;4,6;6046541,01;884372;31;1,1010418714369963;False;1620,0;1810,0;51,10712863401036;4,582396000714158;1079,5466898768077;2,7138011069451884;1,8318083340494724;6,3333077030932685;3,4574074074074073;89,50276243093923;11,049382716049383
12;Acre;2025;6;2025-06;269,0;229,0;1595,0;1445,0;207,0;5988,0;28832,0;5972,0;4,8;6043514,12;884372;30;1,177118144289365;False;1674,0;1864,0;57,41138988450817;4,814963259853039;1009,2708951235805;3,4569138276553106;1,8928686118511215;6,770906360671754;3,5770609318996414;89,8068669527897;13,679808841099165
12;Acre;2025;7;2025-07;269,0;229,0;1589,0;1439,0;157,0;5122,0;23436,0;5104,0;4,6;5411006,04;884372;31;1,0068802830745036;False;1668,0;1858,0;45,32374100719424;4,575556423272159;1056,4244513861772;3,065208902772355;1,8860841365398273;5,791680424074937;3,0707434052757794;89,77395048439182;13,729016786570744
12;Acre;2025;8;2025-08;269,0;229,0;1589,0;1439,0;126,0;5091,0;23748,0;5091,0;4,7;5494611,61;884372;31;1,0007863180656575;False;1668,0;1858,0;45,92712926433047;4,664702416028285;1079,2794362600669;2,4749558043606363;1,8860841365398273;5,75662730163325;3,052158273381295;89,77395048439182;13,729016786570744
12;Acre;2025;9;2025-09;276,0;229,0;1589,0;1439,0;138,0;5062,0;24073,0;5047,0;4,8;5098665,66;884372;30;0,9950855120896402;False;1668,0;1865,0;48,107513988808954;4,755630185697353;1007,2433148952983;2,7261951797708415;1,8860841365398273;5,723835670961994;3,0347721822541964;89,43699731903484;13,729016786570744
12;Acre;2025;10;2025-10;299,0;250,0;1590,0;1432,0;159,0;5560,0;27736,0;5560,0;5,0;6158769,58;884372;31;1,0929821112640064;False;1682,0;1889,0;53,193203175942614;4,988489208633093;1107,6923705035972;2,8597122302158273;1,9019145789328473;6,286947121799424;3,3055885850178357;89,04182106934886;14,863258026159334
12;Acre;2025;11;2025-11;299,0;250,0;1602,0;1458,0;137,0;4609,0;23234,0;4604,0;5,0;5244415,61;884372;30;0,9060349911539217;False;1708,0;1901,0;45,34348165495706;5,041006725970926;1137,864094163593;2,97244521588197;1,9313139719484562;5,211607784959271;2,6984777517564402;89,84744871120462;14,637002341920374
12;Acre;2025;12;2025-12;299,0;250,0;1602,0;1458,0;104,0;4527,0;20614,0;4527,0;4,6;4678713,12;884372;31;0,8899154708079419;False;1708,0;1901,0;38,932537584044724;4,553567483984979;1033,5129489728297;2,2973271482217803;1,9313139719484562;5,118886622371582;2,6504683840749412;89,84744871120462;14,637002341920374
12;Acre;2026;1;2026-01;299,0;250,0;1606,0;1462,0;142,0;4774,0;22859,0;4774,0;4,8;4636392,19;884372;31;0,938470611362296;False;1712,0;1905,0;43,07167621344588;4,788227901131127;971,1755739421869;2,974444909928781;1,9358369554893191;5,398180856019866;2,788551401869159;89,86876640419948;14,602803738317757
12;Acre;2026;2;2026-02;263,0;214,0;1614,0;1470,0;145,0;4479,0;21092,0;4479,0;4,7;4858378,86;884372;28;0,8804796540200511;False;1684,0;1877,0;44,73193077706142;4,7090868497432465;1084,7016878767583;3,2373297611073903;1,9041760707032789;5,064610819881227;2,6597387173396676;89,71763452317528;12,707838479809977
12;Acre;2026;3;2026-03;263,0;214,0;1614,0;1470,0;158,0;5087,0;24632,0;5087,0;4,8;5936262,54;884372;31;1,0;False;1684,0;1877,0;47,184123821929354;4,842146648319245;1166,9476194220563;3,1059563593473563;1,9041760707032789;5,752104318092386;3,0207838479809976;89,71763452317528;12,707838479809977
12;Acre;2026;4;2026-04;255,0;213,0;1591,0;1422,0;112,0;4951,0;23352,0;4951,0;4,7;4701373,92;884372;30;0,973265185767643;False;1635,0;1846,0;47,6085626911315;4,716622904463745;949,5806746111897;2,262169258735609;1,8487695223277083;5,5983228777030485;3,0281345565749236;88,56988082340195;13,027522935779817
12;Acre;2026;5;2026-05;255,0;213,0;1591,0;1422,0;171,0;5328,0;25454,0;5328,0;4,8;5053133,28;884372;31;1,047375663455868;False;1635,0;1846,0;50,21998618920785;4,777402402402402;948,410900900901;3,209459459459459;1,8487695223277083;6,024614076429376;3,2587155963302754;88,56988082340195;13,027522935779817
12;Acre;2026;6;2026-06;262,0;213,0;1597,0;1428,0;;;;;;;884372;30;;True;1641,0;1859,0;;;;;1,8555539976390028;;;88,27326519634212;12,979890310786105
13;Amazonas;2025;1;2025-01;1239,0;828,0;6488,0;5510,0;755,0;22036,0;109116,0;22036,0;5,0;24670895,98;4321616;31;1,0049022960986844;False;6338,0;7727,0;55,535988762100594;4,951715374841169;1119,5723352695588;3,4262116536576515;1,4665810196926334;5,09901851529613;3,476806563584727;82,02407143781545;13,064058062480278
13;Amazonas;2025;2;2025-02;1239,0;828,0;6449,0;5495,0;525,0;18984,0;87554,0;18984,0;4,6;21277756,14;4321616;28;0,8657226896504548;False;6323,0;7688,0;49,45324326156209;4,611989043404972;1120,8257553729457;2,765486725663717;1,4631100958530328;4,392801211398699;3,0023722916337183;82,24505723204994;13,095049818124307
13;Amazonas;2025;3;2025-03;1237,0;828,0;6536,0;5477,0;609,0;19892,0;95776,0;19892,0;4,8;23057358,5;4321616;31;0,9071299906514353;False;6305,0;7773,0;49,0015604614873;4,814799919565655;1159,1272119445002;3,061532274281118;1,4589449872455118;4,6029078011558635;3,154956383822363;81,11411295510099;13,132434575733546
13;Amazonas;2025;4;2025-04;1237,0;828,0;6552,0;5483,0;590,0;20290,0;95973,0;20290,0;4,7;22683833,36;4321616;30;0,925279886905169;False;6311,0;7789,0;50,690857233402;4,730064070970922;1117,9809443075405;2,9078363725973384;1,4603333567813521;4,695002980366604;3,2150213912216765;81,02452176145847;13,119949294881952
13;Amazonas;2025;5;2025-05;1238,0;829,0;6541,0;5490,0;575,0;20166,0;91098,0;20166,0;4,5;22636083,4;4321616;31;0,9196251453587797;False;6319,0;7779,0;46,50490839199751;4,517405534067242;1122,4875235544976;2,851333928394327;1,4621845161624725;4,666310009959237;3,1913277417312864;81,23152076102326;13,119164424750752
13;Amazonas;2025;6;2025-06;1269,0;829,0;6671,0;5491,0;772,0;22515,0;107154,0;22515,0;4,8;25835288,83;4321616;30;1,0267460154593337;False;6320,0;7940,0;56,51582278481012;4,759227181878748;1147,4700790584054;3,428825227626027;1,4624159110851127;5,209856683240714;3,5625;79,59697732997482;13,117088607594937
13;Amazonas;2025;7;2025-07;1275,0;829,0;6660,0;5493,0;770,0;24613,0;116339,0;24613,0;4,7;29293267,42;4321616;31;1,1224205942038898;False;6322,0;7935,0;59,36208427304548;4,726729776947142;1190,1542851338725;3,1284280664689392;1,4628787009303927;5,695323230939538;3,8932299905093326;79,6723377441714;13,11293894337235
13;Amazonas;2025;8;2025-08;1276,0;830,0;6671,0;5513,0;894,0;24408,0;112612,0;24408,0;4,6;29353157,8;4321616;31;1,113072029550585;False;6343,0;7947,0;57,270142854963304;4,613733202228778;1202,6039741068503;3,662733529990167;1,4677379943058337;5,647887271798328;3,848021440958537;79,81628287404052;13,08529087182721
13;Amazonas;2025;9;2025-09;1269,0;823,0;6673,0;5515,0;684,0;23100,0;99568,0;23100,0;4,3;28644792,01;4321616;30;1,053423626787058;False;6338,0;7942,0;52,365625328705164;4,3103030303030305;1240,0342861471863;2,961038961038961;1,4665810196926334;5,345222712985143;3,6446828652571788;79,80357592545958;12,985168822972545
13;Amazonas;2025;10;2025-10;1295,0;833,0;6656,0;5498,0;811,0;25112,0;110448,0;25112,0;4,4;34330098,28;4321616;31;1,1451763686526666;False;6331,0;7951,0;56,27608134066371;4,3982159923542525;1367,0794154189232;3,229531697992991;1,464961255234153;5,810789297336922;3,9665139788343073;79,62520437680794;13,157479071236772
13;Amazonas;2025;11;2025-11;1297,0;833,0;6650,0;5490,0;634,0;21821,0;96075,0;21821,0;4,4;31406263,22;4321616;30;0,9950977039013157;False;6323,0;7947,0;50,64842637988297;4,402868796113835;1439,2678254892076;2,9054580450025203;1,4631100958530328;5,0492686069285195;3,451051715957615;79,5646155782056;13,174126205914913
13;Amazonas;2025;12;2025-12;1297,0;833,0;6667,0;5497,0;601,0;21542,0;93620,0;21542,0;4,3;28328402,57;4321616;31;0,9823745354219395;False;6330,0;7964,0;47,70932069510268;4,345928883112061;1315,0312213350664;2,7898988023396156;1,464729860311513;4,984709423511945;3,4031595576619273;79,4826720241085;13,159557661927328
13;Amazonas;2026;1;2026-01;1283,0;829,0;6551,0;5466,0;681,0;21748,0;94755,0;21748,0;4,4;26161272,89;4321616;31;0,9917687028296509;False;6295,0;7834,0;48,556201798662535;4,356952363435719;1202,9277584145668;3,131322420452455;1,4566310380191114;5,032376777575796;3,4548054011119937;80,35486341587949;13,169181890389197
13;Amazonas;2026;2;2026-02;1255,0;817,0;6551,0;5470,0;618,0;20400,0;90912,0;20400,0;4,5;27469880,74;4321616;28;0,9302961898898694;False;6287,0;7806,0;51,64398191279057;4,456470588235294;1346,562781372549;3,0294117647058822;1,454779878637991;4,720456421857009;3,244790838237633;80,54060978734306;12,995069190392874
13;Amazonas;2026;3;2026-03;1253,0;815,0;6595,0;5509,0;769,0;23276,0;101752,0;23276,0;4,4;29366179,93;4321616;31;1,0614497115625783;False;6324,0;7848,0;51,902634102548404;4,371541501976284;1261,6506242481526;3,3038322735865266;1,4633414907756728;5,385948219369792;3,6805819101834283;80,58103975535168;12,88741302972802
13;Amazonas;2026;4;2026-04;1253,0;815,0;6589,0;5503,0;588,0;23388,0;97503,0;23388,0;4,2;30940873,61;4321616;30;1,0665572200560913;False;6318,0;7842,0;51,44191199746755;4,168932786044125;1322,9379857191723;2,5141097998973834;1,4619531212398325;5,411864450705477;3,701804368471035;80,56618209640398;12,899651788540679
13;Amazonas;2026;5;2026-05;1246,0;815,0;6575,0;5517,0;673,0;22716,0;97936,0;22716,0;4,3;30369495,57;4321616;31;1,0359121690950133;False;6332,0;7821,0;49,89301652639945;4,311322415918296;1336,9209178552562;2,962669484064096;1,4651926501567931;5,256367062691363;3,587492103600758;80,96151387290628;12,871130764371447
13;Amazonas;2026;6;2026-06;1263,0;819,0;6610,0;5512,0;661,0;19563,0;90109,0;19563,0;4,6;28944986,17;4321616;30;0,8921266844517409;False;6331,0;7873,0;47,44326857263202;4,606093134999744;1479,5780897612842;3,3788273782139755;1,464961255234153;4,526778871607288;3,0900331701153054;80,4140734154706;12,93634496919918
14;Roraima;2025;1;2025-01;170,0;147,0;1456,0;1298,0;91,0;3882,0;28646,0;3882,0;7,4;4483130,19;738772;31;1,339544513457557;False;1445,0;1626,0;63,94910146221676;7,379185986604843;1154,8506414219476;2,344152498712004;1,955948519976393;5,254665850898518;2,6865051903114185;88,86838868388683;10,173010380622838
14;Roraima;2025;2;2025-02;170,0;147,0;1455,0;1297,0;73,0;2855,0;20734,0;2855,0;7,3;3607405,93;738772;28;0,9851621808143547;False;1444,0;1625,0;51,28116343490304;7,262346760070052;1263,5397302977233;2,5569176882662;1,9545949223847139;3,8645211242440154;1,9771468144044322;88,86153846153846;10,18005540166205
14;Roraima;2025;3;2025-03;170,0;147,0;1455,0;1297,0;101,0;3459,0;22112,0;3459,0;6,4;4084049,14;738772;31;1,1935817805383022;False;1444,0;1625,0;49,39683674381199;6,392599017056953;1180,7022665510262;2,9199190517490607;1,9545949223847139;4,682094069618231;2,3954293628808863;88,86153846153846;10,18005540166205
14;Roraima;2025;4;2025-04;170,0;147,0;1460,0;1302,0;83,0;2895,0;19871,0;2895,0;6,9;3504020,66;738772;30;0,9989648033126294;False;1449,0;1630,0;45,711985277202665;6,863903281519862;1210,3698307426598;2,8670120898100175;1,9613629103431098;3,918665027911182;1,9979296066252588;88,8957055214724;10,144927536231885
14;Roraima;2025;5;2025-05;170,0;147,0;1457,0;1299,0;96,0;2898,0;19826,0;2898,0;6,8;3512010,25;738772;31;1,0;False;1446,0;1627,0;44,228795788158656;6,841269841269841;1211,8737922705313;3,3126293995859215;1,9573021175680723;3,9227258206862197;2,004149377593361;88,87523048555623;10,16597510373444
14;Roraima;2025;6;2025-06;170,0;147,0;1457,0;1299,0;76,0;2935,0;21713,0;2935,0;7,4;3756101,67;738772;30;1,012767425810904;False;1446,0;1627,0;50,05301982480405;7,397955706984668;1279,7620681431006;2,5894378194207834;1,9573021175680723;3,972808931578349;2,0297372060857537;88,87523048555623;10,16597510373444
14;Roraima;2025;7;2025-07;165,0;147,0;1415,0;1299,0;82,0;3002,0;22743,0;3002,0;7,6;3878433,69;738772;31;1,0358868184955141;False;1446,0;1580,0;50,7361798955963;7,575949367088608;1291,9499300466355;2,731512325116589;1,9573021175680723;4,063499970220852;2,0760719225449518;91,51898734177215;10,16597510373444
14;Roraima;2025;8;2025-08;165,0;147,0;1415,0;1299,0;87,0;3193,0;26069,0;3193,0;8,2;3889335,4;738772;31;1,1017943409247757;False;1446,0;1580,0;58,15598090393968;8,16442217350454;1218,0818665831507;2,7247103037895397;1,9573021175680723;4,322037110231573;2,2081604426002768;91,51898734177215;10,16597510373444
14;Roraima;2025;9;2025-09;167,0;149,0;1426,0;1310,0;106,0;2738,0;18754,0;2738,0;6,8;3983498,64;738772;30;0,9447895100069013;False;1459,0;1593,0;42,84669865204478;6,849525200876553;1454,8935865595327;3,871439006574142;1,9748988862599015;3,7061502060175533;1,8766278272789583;91,58819836785939;10,212474297464016
14;Roraima;2025;10;2025-10;167,0;149,0;1426,0;1310,0;80,0;2346,0;16703,0;2346,0;7,1;3503516,86;738772;31;0,8095238095238095;False;1459,0;1593,0;36,92984589533264;7,119778346121057;1493,4001960784312;3,410059676044331;1,9748988862599015;3,1755399500793207;1,6079506511309116;91,58819836785939;10,212474297464016
14;Roraima;2025;11;2025-11;171,0;149,0;1529,0;1332,0;77,0;2740,0;17827,0;2740,0;6,5;3973568,92;738772;30;0,945479641131815;False;1481,0;1700,0;40,123790231825346;6,5062043795620434;1450,2076350364964;2,81021897810219;2,0046780332768432;3,7088574012009117;1,850101282916948;87,11764705882354;10,060769750168804
14;Roraima;2025;12;2025-12;171,0;149,0;1529,0;1332,0;69,0;2128,0;16353,0;2128,0;7,7;3801944,02;738772;31;0,7342995169082126;False;1481,0;1700,0;35,61891485700595;7,68468045112782;1786,6278289473685;3,242481203007519;2,0046780332768432;2,8804556750932626;1,436866981769075;87,11764705882354;10,060769750168804
14;Roraima;2026;1;2026-01;171,0;149,0;1529,0;1332,0;71,0;2597,0;19126,0;2597,0;7,4;3843081,48;738772;31;0,8961352657004831;False;1481,0;1700,0;41,65886171070114;7,364651520985753;1479,815741239892;2,7339237581825184;2,0046780332768432;3,515292945590791;1,7535449020931804;87,11764705882354;10,060769750168804
14;Roraima;2026;2;2026-02;171,0;149,0;1529,0;1332,0;74,0;2961,0;20627,0;2961,0;7,0;3987497,87;738772;28;1,0217391304347827;False;1481,0;1700,0;49,74196971158484;6,966227625802094;1346,672701789936;2,4991556906450523;2,0046780332768432;4,008002468962007;1,99932478055368;87,11764705882354;10,060769750168804
14;Roraima;2026;3;2026-03;171,0;150,0;1529,0;1348,0;100,0;3082,0;24754,0;3082,0;8,0;4579711,91;738772;31;1,0634920634920635;False;1498,0;1700,0;53,30548257892244;8,031797534068787;1485,9545457495133;3,244646333549643;2,027689192335389;4,171787777555186;2,057409879839786;88,11764705882354;10,013351134846461
14;Roraima;2026;4;2026-04;171,0;150,0;1529,0;1348,0;80,0;3013,0;17967,0;3013,0;6,0;4094540,11;738772;30;1,0396825396825398;False;1498,0;1700,0;39,97997329773031;5,963159641553269;1358,9578858280784;2,6551609691337537;2,027689192335389;4,078389543729323;2,0113484646194926;88,11764705882354;10,013351134846461
14;Roraima;2026;5;2026-05;171,0;150,0;1529,0;1348,0;1,0;352,0;4202,0;352,0;11,9;808205,15;738772;31;0,12146307798481712;True;1498,0;1700,0;9,048623971747276;11,9375;2296,0373579545453;0,2840909090909091;2,027689192335389;0,476466352271066;0,2349799732977303;88,11764705882354;10,013351134846461
14;Roraima;2026;6;2026-06;174,0;150,0;1494,0;1394,0;;;;;;;738772;30;;True;1544,0;1668,0;;;;;2,0899546815526304;;;92,56594724220624;9,71502590673575
15;Pará;2025;1;2025-01;2324,0;1559,0;14815,0;11281,0;1279,0;44599,0;191632,0;44599,0;4,3;51761784,05;8711196;31;0,9148888159514237;False;12840,0;17139,0;48,1439051351623;4,2967779546626605;1160,6041402273593;2,8677773044238664;1,4739652281959905;5,119733271986992;3,4734423676012463;74,91685629266584;12,141744548286603
15;Pará;2025;2;2025-02;2320,0;1559,0;14805,0;11266,0;1411,0;43943,0;190025,0;43943,0;4,3;53428701,89;8711196;28;0,9014318536145073;False;12825,0;17125,0;52,917014759120015;4,3243520014564325;1215,8637755729012;3,210977857679266;1,4722433062004345;5,04442788338134;3,42635477582846;74,8905109489051;12,155945419103315
15;Pará;2025;3;2025-03;2340,0;1559,0;14921,0;11389,0;1338,0;47078,0;204502,0;47078,0;4,3;56875696,28;8711196;31;0,9657421842947403;False;12948,0;17261,0;50,94870798329796;4,343897361825056;1208,1162385827774;2,842091847572114;1,4863630665639942;5,404309580452558;3,635928328699413;75,01303516598111;12,040469570590053
15;Pará;2025;4;2025-04;2334,0;1547,0;14953,0;11416,0;1355,0;46661,0;195977,0;46661,0;4,2;53969073,2;8711196;30;0,9571879871994748;False;12963,0;17287,0;50,39394173159505;4,200017144939029;1156,6205867855383;2,9039240479201043;1,4880849885595502;5,356440148976099;3,5995525727069353;74,98698443917394;11,933965902954563
15;Pará;2025;5;2025-05;2311,0;1557,0;14879,0;11444,0;1463,0;49149,0;216710,0;49149,0;4,4;59203836,9;8711196;31;1,008225978501682;False;13001,0;17190,0;53,77005739012631;4,409245355958412;1204,5786669108222;2,9766628008708214;1,4924471909482924;5,642049610638998;3,7804015075763404;75,63118091913903;11,976001846011846
15;Pará;2025;6;2025-06;2323,0;1557,0;14953,0;11444,0;1501,0;48858,0;214052,0;48858,0;4,4;59869103,59;8711196;30;1,0022565028308854;False;13001,0;17276,0;54,88090659692843;4,381104425068566;1225,36951144132;3,0721683245323184;1,4924471909482924;5,608644323925211;3,758018613952773;75,25468858532068;11,976001846011846
15;Pará;2025;7;2025-07;2355,0;1550,0;15060,0;11468,0;1340,0;49639,0;213257,0;49639,0;4,3;64852028,64;8711196;31;1,0182776729301715;False;13018,0;17415,0;52,84420083358526;4,2961582626563795;1306,4733100989142;2,6994903201112033;1,494398702543256;5,69829906249383;3,8131049316331236;74,75165087568189;11,90659087417422
15;Pará;2025;8;2025-08;2356,0;1549,0;15134,0;11564,0;1427,0;50659,0;216459,0;50659,0;4,3;66441536,25;8711196;31;1,0392016082711086;False;13113,0;17490,0;53,249053512520206;4,27286365700073;1311,5445675990445;2,816873605874573;1,505304208515111;5,8153897581916425;3,86326546175551;74,97427101200687;11,812704949286967
15;Pará;2025;9;2025-09;2377,0;1558,0;15165,0;11568,0;1340,0;49447,0;213248,0;49447,0;4,3;64112900,92;8711196;30;1,0143390498071716;False;13126,0;17542,0;54,15409619584539;4,312657997451817;1296,5983966671386;2,7099722935668495;1,5067965409112596;5,676258460950712;3,7671034587840926;74,82613156994643;11,86957184214536
15;Pará;2025;10;2025-10;2384,0;1571,0;15331,0;11569,0;1367,0;50058,0;219361,0;50058,0;4,4;69855772,31;8711196;31;1,0268728973496348;False;13140,0;17715,0;53,8520646143271;4,382136721403172;1395,4966700627274;2,730832234607855;1,5084036681071118;5,746398083569696;3,8095890410958906;74,17442845046571;11,955859969558599
15;Pará;2025;11;2025-11;2387,0;1576,0;15289,0;11466,0;1296,0;48679,0;206342,0;48679,0;4,2;68593530,97;8711196;30;0,9985845573151719;False;13042,0;17676,0;52,737821397536166;4,238829885576942;1409,0990153865116;2,6623389962817643;1,4971537777361454;5,588096054778242;3,732479681030517;73,7836614618692;12,084036190768286
15;Pará;2025;12;2025-12;2384,0;1573,0;15330,0;11491,0;1273,0;48817,0;205345,0;48817,0;4,2;69520406,11;8711196;31;1,001415442684828;False;13064,0;17714,0;50,70447227544792;4,2064239916422554;1424,102384620112;2,607698137943749;1,4996792633296279;5,6039377371373575;3,7367575015309247;73,7495766060743;12,040722596448255
15;Pará;2026;1;2026-01;2358,0;1562,0;15410,0;11411,0;1430,0;47344,0;205664,0;47344,0;4,3;58047445,48;8711196;31;0,9711988184130631;False;12973,0;17768,0;51,13946335192446;4,344035147009125;1226,0781826630619;3,020446096654275;1,4892329365565877;5,4348449971737525;3,649425730363062;73,01328230526791;12,040391582517536
15;Pará;2026;2;2026-02;2364,0;1559,0;15517,0;11517,0;1325,0;45674,0;196230,0;45674,0;4,3;58208902,21;8711196;28;0,9369410027078034;False;13076,0;17881,0;53,596010138530794;4,296317379690852;1274,4428385952622;2,900994000963349;1,5010568009260725;5,24313768166851;3,4929642092382993;73,1279011240982;11,922606301621292
15;Pará;2026;3;2026-03;2366,0;1558,0;15547,0;11571,0;1417,0;50991,0;216735,0;50991,0;4,3;69174186,54;8711196;31;1,0460121440879626;False;13129,0;17913,0;53,25197359207271;4,250455962816968;1356,595998117315;2,778921770508521;1,5071409253103707;5,853501631693283;3,8838449234519006;73,29313906101714;11,866859623733719
15;Pará;2026;4;2026-04;2396,0;1560,0;15592,0;11614,0;1419,0;49732,0;210481,0;49732,0;4,2;67209741,66;8711196;30;1,0201854435053745;False;13174,0;17988,0;53,25666717271393;4,232305155634199;1351,4385437947396;2,8532936539853617;1,5123066912970389;5,708974978866277;3,775011386063458;73,2377140315766;11,84150599666009
15;Pará;2026;5;2026-05;2356,0;1560,0;15481,0;11589,0;1331,0;47073,0;206076,0;47073,0;4,4;67947930,0;8711196;31;0,9656396159842455;False;13149,0;17837,0;50,55603394346191;4,3777961888980945;1443,4586705754891;2,8275232086333992;1,5094368213044456;5,403735606454039;3,5799680584074833;73,71755340023547;11,86402007757244
15;Pará;2026;6;2026-06;2395,0;1565,0;15487,0;11704,0;1266,0;40277,0;183745,0;40277,0;4,6;61008301,55;8711196;30;0,8262287683597276;False;13269,0;17882,0;46,15896701585148;4,562032922015046;1514,718115798098;3,1432331107083447;1,523212197268894;4,623590147667438;3,0354209058708266;74,20310927189352;11,79440801869018
16;Amapá;2025;1;2025-01;288,0;143,0;1669,0;1487,0;108,0;4219,0;22248,0;4219,0;5,3;3830729,66;806517;31;0,84667870760586;False;1630,0;1957,0;44,0292895309717;5,273287508888362;907,9710026072529;2,559848305285613;2,0210361343902234;5,231135859504511;2,5883435582822085;83,29075114971896;8,773006134969325
16;Amapá;2025;2;2025-02;288,0;143,0;1669,0;1487,0;108,0;4023,0;18278,0;4023,0;4,5;3664424,47;806517;28;0,8073449729078868;False;1630,0;1957,0;40,048203330411916;4,543375590355456;910,8686229182202;2,684563758389262;2,0210361343902234;4,988115563590104;2,4680981595092026;83,29075114971896;8,773006134969325
16;Amapá;2025;3;2025-03;288,0;143,0;1677,0;1487,0;83,0;5009,0;21706,0;5009,0;4,3;4194271,39;806517;31;1,0052177403170781;False;1630,0;1965,0;42,95665941025133;4,3333998802156115;837,3470533040527;1,6570173687362748;2,0210361343902234;6,210656439975846;3,073006134969325;82,95165394402035;8,773006134969325
16;Amapá;2025;4;2025-04;286,0;141,0;1639,0;1449,0;139,0;5258,0;23910,0;5258,0;4,5;4337764,38;806517;30;1,055187637969095;False;1590,0;1925,0;50,125786163522015;4,547356409281096;824,983716241917;2,6435907189045262;1,9714401556321812;6,51939140774466;3,3069182389937106;82,5974025974026;8,867924528301886
16;Amapá;2025;5;2025-05;287,0;157,0;1565,0;1366,0;148,0;5246,0;24343,0;5246,0;4,6;4463067,07;806517;31;1,0527794501304435;False;1523,0;1852,0;51,559951708215955;4,6402973694243235;850,7562085398399;2,821197102554327;1,8883668912124603;6,504512614117247;3,44451739986868;82,2354211663067;10,3086014445174
16;Amapá;2025;6;2025-06;287,0;172,0;1565,0;1366,0;154,0;5312,0;25939,0;5312,0;4,9;4503337,18;806517;30;1,0660244832430263;False;1538,0;1852,0;56,218032076289546;4,883094879518072;847,7667884036144;2,8990963855421685;1,9069653832467262;6,5863459790680166;3,4538361508452535;83,04535637149027;11,183355006501952
16;Amapá;2025;7;2025-07;309,0;172,0;1529,0;1330,0;122,0;5059,0;24151,0;5059,0;4,8;4504941,38;806517;31;1,015251856311459;False;1502,0;1838,0;51,86847644001546;4,773868353429531;890,480604862621;2,411543783356395;1,862329002364488;6,272651413423399;3,368175765645806;81,71926006528835;11,451398135818907
16;Amapá;2025;8;2025-08;309,0;172,0;1529,0;1330,0;157,0;4957,0;22002,0;4957,0;4,4;4714675,85;806517;31;0,9947822596829219;False;1502,0;1838,0;47,25312486577037;4,438571716764172;951,114756909421;3,1672382489408917;1,862329002364488;6,146181667590391;3,300266311584554;81,71926006528835;11,451398135818907
16;Amapá;2025;9;2025-09;310,0;172,0;1569,0;1370,0;83,0;4792,0;21488,0;4792,0;4,5;4566014,11;806517;30;0,961669676901465;False;1542,0;1879,0;46,4504971897968;4,484140233722871;952,8410079298832;1,7320534223706177;1,9119249811225305;5,941598255213467;3,1076523994811933;82,06492815327302;11,154345006485086
16;Amapá;2025;10;2025-10;304,0;172,0;1570,0;1366,0;113,0;4903,0;22659,0;4903,0;4,6;4643315,73;806517;31;0,9839454144089905;False;1538,0;1874,0;47,52506397080414;4,62145625127473;947,0356373648788;2,3047114011829493;1,9069653832467262;6,079227096267034;3,1879063719115734;82,07043756670224;11,183355006501952
16;Amapá;2025;11;2025-11;327,0;172,0;1591,0;1387,0;127,0;4195,0;21351,0;4195,0;5,1;4555039,93;806517;30;0,8418623319285571;False;1559,0;1918,0;45,651058370750484;5,089630512514899;1085,8259666269369;3,0274135876042907;1,9330032720946984;5,201378272249686;2,6908274534958307;81,28258602711156;11,032713277742143
16;Amapá;2025;12;2025-12;327,0;172,0;1591,0;1387,0;101,0;4900,0;21833,0;4900,0;4,5;6530443,47;806517;31;0,9833433674493277;False;1559,0;1918,0;45,17577437977198;4,4557142857142855;1332,7435653061225;2,0612244897959187;1,9330032720946984;6,075507397860181;3,1430404105195637;81,28258602711156;11,032713277742143
16;Amapá;2026;1;2026-01;322,0;164,0;1593,0;1389,0;114,0;4938,0;23562,0;4938,0;4,8;6502052,65;806517;31;0,9909692956050572;False;1553,0;1915,0;48,941694535031054;4,771567436208992;1316,738082219522;2,3086269744835968;1,925563875280992;6,122623577680321;3,1796522858982614;81,09660574412533;10,56020605280103
16;Amapá;2026;2;2026-02;322,0;164,0;1595,0;1391,0;116,0;4640,0;20236,0;4640,0;4,4;6416121,7;806517;28;0,931165964278547;False;1555,0;1917,0;46,47680293982545;4,3612068965517246;1382,7848491379311;2,5;1,9280436742188942;5,753133535932906;2,9839228295819935;81,11632759520083;10,54662379421222
16;Amapá;2026;3;2026-03;314,0;161,0;1644,0;1440,0;161,0;5420,0;26807,0;5420,0;4,9;5081229,74;806517;31;1,087698173790889;False;1601,0;1958,0;54,01261308456409;4,945940959409594;937,49626199262;2,970479704797048;1,9850790497906428;6,720255121714731;3,385384134915678;81,76710929519918;10,056214865708931
16;Amapá;2026;4;2026-04;315,0;162,0;1626,0;1422,0;117,0;5563,0;25703,0;5563,0;4,6;7343342,15;806517;30;1,1163957455348184;False;1584,0;1941,0;54,08880471380472;4,620348732698185;1320,0327431242135;2,1031817364731262;1,964000758818475;6,897560745774732;3,5119949494949494;81,60741885625966;10,227272727272728
16;Amapá;2026;5;2026-05;319,0;166,0;1617,0;1413,0;185,0;5849,0;28953,0;5849,0;5,0;6250992,43;806517;31;1,1737908890226771;False;1579,0;1936,0;59,149318678624695;4,950076936228415;1068,7284031458369;3,162933834843563;1,9578012614737197;7,252171993894734;3,7042431918936036;81,55991735537191;10,51298290056998
16;Amapá;2026;6;2026-06;322,0;166,0;1656,0;1452,0;161,0;5777,0;28756,0;5777,0;5,0;6078343,63;806517;30;1,1593417619907687;False;1618,0;1978,0;59,241862381541;4,977670070971092;1052,1626501644453;2,78691362298771;2,006157340762811;7,1628992321302585;3,5704573547589615;81,79979777553083;10,259579728059332
17;Tocantins;2025;1;2025-01;620,0;295,0;3319,0;2632,0;343,0;8962,0;46182,0;8962,0;5,2;10668909,52;1586859;31;0,9804178973854064;False;2927,0;3939,0;50,89654716378104;5,153090827940192;1190,4607810756527;3,8272706985047975;1,8445243087129986;5,647634729991764;3,0618380594465324;74,3082000507743;10,07857874957294
17;Tocantins;2025;2;2025-02;622,0;296,0;3337,0;2649,0;285,0;8871,0;48094,0;8871,0;5,4;11878297,64;1586859;28;0,9704627502461437;False;2945,0;3959,0;58,32403589619209;5,421485740051854;1339,003228497351;3,2127155901251268;1,855867471527086;5,590288740209433;3,0122241086587436;74,38747158373327;10,050933786078097
17;Tocantins;2025;3;2025-03;626,0;299,0;3347,0;2664,0;327,0;9143,0;46447,0;9143,0;5,1;11435409,53;1586859;31;1,000218794442621;False;2963,0;3973,0;50,56666630376798;5,080061249042983;1250,728374712895;3,5765066170841084;1,8672106343411734;5,761696533844532;3,085723928450894;74,57840422854267;10,091123860951738
17;Tocantins;2025;4;2025-04;636,0;299,0;3412,0;2701,0;261,0;9139,0;45481,0;9139,0;5,0;11864295,77;1586859;30;0,9997812055573788;False;3000,0;4048,0;50,534444444444446;4,976583871320713;1298,2050300908195;2,85589232957654;1,890527135681242;5,759175830996957;3,046333333333333;74,1106719367589;9,966666666666667
17;Tocantins;2025;5;2025-05;638,0;301,0;3485,0;2745,0;300,0;9526,0;46376,0;9525,0;4,9;11929719,19;1586859;31;1,0421179302045729;False;3046,0;4123,0;49,11359159553513;4,868360277136259;1252,3324784799495;3,1492756665966826;1,9195152184283544;6,003053831499837;3,1273801707156927;73,8782439970895;9,881812212738017
17;Tocantins;2025;6;2025-06;639,0;302,0;3485,0;2755,0;269,0;9711,0;47160,0;9711,0;4,9;12412307,43;1586859;30;1,0623564161470298;False;3057,0;4124,0;51,42296368989206;4,856348470806302;1278,1698517145505;2,770054577283493;1,9264471512591856;6,119636338200181;3,1766437684003925;74,1270611057226;9,87896630683677
17;Tocantins;2025;7;2025-07;639,0;302,0;3489,0;2762,0;427,0;9478,0;48510,0;9478,0;5,1;13144531,85;1586859;31;1,0368668635816651;False;3064,0;4128,0;51,071759454223866;5,118168389955687;1386,846576281916;4,5051698670605616;1,930858381242442;5,972805397328938;3,093342036553525;74,2248062015504;9,856396866840731
17;Tocantins;2025;8;2025-08;643,0;304,0;3388,0;2718,0;318,0;9466,0;50831,0;9466,0;5,4;11891307,1;1586859;31;1,035554096925938;False;3022,0;4031,0;54,259089259409485;5,369849989435876;1256,212455102472;3,3593915064441155;1,9043910013429046;5,965243288786213;3,1323626737260093;74,9689903249814;10,059563203176705
17;Tocantins;2025;9;2025-09;636,0;302,0;3389,0;2713,0;431,0;9104,0;46414,0;9104,0;5,1;13062907,71;1586859;30;0,9959523028115086;False;3015,0;4025,0;51,31453841901603;5,098198594024605;1434,8536588312832;4,734182776801406;1,8999797713596482;5,737119681080676;3,019568822553897;74,90683229813665;10,016583747927031
17;Tocantins;2025;10;2025-10;636,0;302,0;3385,0;2709,0;303,0;9302,0;47796,0;9302,0;5,1;11647566,44;1586859;31;1,0176129526310032;False;3011,0;4021,0;51,2057938097942;5,138249838744356;1252,157217802623;3,257364007740271;1,8974590685120734;5,861894472035638;3,089339090003321;74,88187018154689;10,029890401859848
17;Tocantins;2025;11;2025-11;647,0;303,0;3418,0;2742,0;241,0;8338,0;41963,0;8338,0;5,0;10833613,75;1586859;30;0,9121540312876053;False;3045,0;4065,0;45,93650793650794;5,032741664667786;1299,3060386183738;2,8903813864236025;1,9188850427164608;5,254405085770066;2,7382594417077177;74,90774907749078;9,950738916256158
17;Tocantins;2025;12;2025-12;647,0;334,0;3376,0;2730,0;314,0;7768,0;38366,0;7768,0;4,9;9759133,45;1586859;31;0,8497976151405754;False;3064,0;4023,0;40,39206603217384;4,93898043254377;1256,3251094232749;4,042224510813594;1,930858381242442;4,89520492999063;2,535248041775457;76,16206810837683;10,900783289817232
17;Tocantins;2026;1;2026-01;666,0;334,0;3418,0;2777,0;389,0;8884,0;42003,0;8884,0;4,7;10986905,34;1586859;31;0,9718849141231812;False;3111,0;4084,0;43,55305316203689;4,727937865826204;1236,7070396217919;4,378658262044125;1,9604766397014481;5,598481024464052;2,855673416907747;76,17531831537708;10,736097717775635
17;Tocantins;2026;2;2026-02;719,0;334,0;3463,0;2777,0;287,0;9024,0;43912,0;9024,0;4,9;11726404,56;1586859;28;0,9872005251066623;False;3111,0;4182,0;50,41098406575745;4,86613475177305;1299,468590425532;3,18040780141844;1,9604766397014481;5,686705624129176;2,9006750241080037;74,39024390243902;10,736097717775635
17;Tocantins;2026;3;2026-03;718,0;334,0;3542,0;2870,0;364,0;9574,0;48274,0;9574,0;5,0;13049877,88;1586859;31;1,0473689968274806;False;3204,0;4260,0;48,60255326003786;5,04219761855024;1363,0538834343013;3,8019636515562985;2,0190829809075668;6,033302265670737;2,988139825218477;75,21126760563381;10,424469413233458
17;Tocantins;2026;4;2026-04;718,0;334,0;3572,0;2870,0;260,0;9167,0;47832,0;9167,0;5,2;11388125,31;1586859;30;1,002844327754075;False;3204,0;4290,0;49,76279650436954;5,217846623759136;1242,2957685175086;2,8362604996181955;2,0190829809075668;5,776820750929982;2,861111111111111;74,68531468531468;10,424469413233458
17;Tocantins;2026;5;2026-05;719,0;335,0;3649,0;2921,0;412,0;10204,0;50872,0;10204,0;5,0;13997990,5;1586859;31;1,116289246253145;False;3256,0;4368,0;50,40025362606008;4,985495883967071;1371,814043512348;4,037632301058409;2,0518521179260416;6,430312964163798;3,133906633906634;74,54212454212454;10,288697788697789
17;Tocantins;2026;6;2026-06;749,0;335,0;3652,0;2921,0;6,0;845,0;3488,0;845,0;4,1;891593,88;1586859;30;0,092440652007439;True;3256,0;4401,0;3,570843570843571;4,127810650887574;1055,1406863905324;0,7100591715976331;2,0518521179260416;0,5324984765502165;0,2595208845208845;73,98318563962735;10,288697788697789
21;Maranhão;2025;1;2025-01;1835,0;1272,0;15061,0;13057,0;1243,0;41684,0;211129,0;41327,0;5,1;44572010,77;7018211;31;0,9964143997705216;False;14329,0;16896,0;47,53027359359206;5,0649889645907304;1069,2834365703868;2,981959504845984;2,041688401787863;5,939405355581358;2,9090655314397376;84,80705492424242;8,877102379789239
21;Maranhão;2025;2;2025-02;1846,0;1281,0;15088,0;13084,0;1160,0;39185,0;195072,0;38819,0;5,0;41011194,85;7018211;28;0,9366782999474111;False;14365,0;16934,0;48,49883148525683;4,97823146612224;1046,604436646676;2,960316447620263;2,0468179141379474;5,583331706612982;2,727810650887574;84,82933742766032;8,91750783153498
21;Maranhão;2025;3;2025-03;1853,0;1283,0;15052,0;13049,0;1251,0;41505,0;213641,0;40977,0;5,2;45971555,33;7018211;31;0,9921355834966773;False;14332,0;16905,0;48,08571840141169;5,147355740272256;1107,6148736296832;3,0140946873870615;2,04211586115037;5,9139002802851035;2,8959670667038795;84,77965099083112;8,951995534468322
21;Maranhão;2025;4;2025-04;1858,0;1288,0;15086,0;13083,0;1195,0;42493,0;208126,0;42083,0;4,9;45843303,17;7018211;30;1,0157527370081751;False;14371,0;16944,0;48,27453436318512;4,897889064081143;1078,843648836279;2,8122278963594005;2,0476728328629616;6,054676897004094;2,956857560364623;84,8146836638338;8,962493911349245
21;Maranhão;2025;5;2025-05;1858,0;1315,0;15198,0;13202,0;1354,0;44492,0;223733,0;44089,0;5,1;49105190,77;7018211;31;1,0635368360663575;False;14517,0;17056,0;49,71546151675344;5,028611885282747;1103,6858484671402;3,043243729209746;2,0684758551716382;6,339507318887962;3,064820555211132;85,11374296435272;9,058345388165598
21;Maranhão;2025;6;2025-06;1858,0;1315,0;15256,0;13222,0;1394,0;44134,0;221213,0;43752,0;5,1;48391335,34;7018211;30;1,054979203518669;False;14537,0;17114,0;50,72412923345028;5,012303439525082;1096,46384510808;3,1585625594779536;2,071325584255019;6,288497168295453;3,0359771617252527;84,94215262358303;9,045882919446928
21;Maranhão;2025;7;2025-07;1870,0;1317,0;15260,0;13219,0;1313,0;44191,0;221474,0;43817,0;5,1;50120668,7;7018211;31;1,0563417316058707;False;14536,0;17130,0;49,14916469898983;5,011744472856464;1134,182722726347;2,9711932293906;2,0711830978008496;6,2966188961830865;3,0401073197578428;84,85697606538237;9,060264171711612
21;Maranhão;2025;8;2025-08;1876,0;1313,0;15217,0;13158,0;1250,0;42849,0;214158,0;42433,0;5,0;47977350,59;7018211;31;1,024262561552804;False;14471,0;17093,0;47,739082168786965;4,997969614226703;1119,684253774884;2,917220938645009;2,0619214782798636;6,105402074688264;2,961025499274411;84,66038729304394;9,073319051896897
21;Maranhão;2025;9;2025-09;1872,0;1309,0;15231,0;13177,0;1289,0;43689,0;216592,0;43286,0;5,0;50963150,74;7018211;30;1,044341922837883;False;14486,0;17103,0;49,83938515348152;4,957586577857127;1166,4984490375152;2,9503994140401475;2,064058775092399;6,2250906961902395;3,015946431036863;84,69859089048704;9,036310920889134
21;Maranhão;2025;10;2025-10;1875,0;1314,0;15234,0;13180,0;1233,0;43078,0;210783,0;42713,0;4,9;48818008,9;7018211;31;1,0297365779031409;False;14494,0;17109,0;46,91218168140765;4,893054459352802;1133,246875435257;2,8622498723246204;2,065198666725751;6,13803147269297;2,972126397129847;84,71564673563621;9,065820339450807
21;Maranhão;2025;11;2025-11;1878,0;1317,0;15244,0;13194,0;1182,0;41984,0;203848,0;41621,0;4,9;46957517,33;7018211;30;1,0035856002294785;False;14511,0;17122,0;46,826085957779156;4,855373475609756;1118,462207745808;2,815358231707317;2,0676209364466245;5,982151291832063;2,893253393976983;84,75061324611612;9,075873475294605
21;Maranhão;2025;12;2025-12;1913,0;1334,0;15356,0;13354,0;1251,0;40204,0;199364,0;39755,0;5,0;45750858,99;7018211;31;0,9610364775063346;False;14688,0;17269,0;43,78470026003233;4,9588100686498855;1137,9678387722615;3,111630683514078;2,0928410388345404;5,728525403411211;2,7372004357298474;85,05414326249348;9,082244008714598
21;Maranhão;2026;1;2026-01;1901,0;1332,0;15353,0;13347,0;1197,0;41122,0;202627,0;40638,0;5,0;49580723,6;7018211;31;0,9829803509107424;False;14679,0;17254,0;44,52861120450765;4,927459753903021;1205,698253975974;2,9108506395603326;2,0915586607470193;5,85932796833837;2,801416990258192;85,07592442332212;9,074187614960147
21;Maranhão;2026;2;2026-02;1863,0;1335,0;15308,0;13339,0;1180,0;38627,0;192430,0;38144,0;5,0;44694454,55;7018211;28;0,9233398670937515;False;14674,0;17171,0;46,834537276816135;4,981748517876097;1157,07806844953;3,0548580008802135;2,0908462284761744;5,503824265186669;2,6323429194493664;85,45803971812941;9,097723865340058
21;Maranhão;2026;3;2026-03;1882,0;1355,0;15266,0;13300,0;1412,0;42816,0;215079,0;42301,0;5,1;52472985,39;7018211;31;1,0234737295023186;False;14655,0;17148,0;47,342424142371314;5,023332399103139;1225,5461834360988;3,2978325859491777;2,088138985846963;6,100700021700686;2,921596724667349;85,46186144156754;9,245991129307404
21;Maranhão;2026;4;2026-04;1882,0;1355,0;15269,0;13301,0;1398,0;40324,0;207326,0;39802,0;5,2;48427555,39;7018211;30;0,9639049576899172;False;14656,0;17151,0;47,15383915574964;5,141503819065569;1200,9610998412857;3,46691796448765;2,088281472301132;5,745623777911494;2,751364628820961;85,4527432802752;9,245360262008735
21;Maranhão;2026;5;2026-05;1866,0;1357,0;15273,0;13305,0;1350,0;38538,0;201907,0;38007,0;5,3;48452957,06;7018211;31;0,9212124109575943;False;14662,0;17139,0;44,421832166539794;5,239166536924594;1257,277416056879;3,503035964502569;2,089136391026146;5,491142970765627;2,6284272268449054;85,54758153917965;9,255217569226572
21;Maranhão;2026;6;2026-06;1866,0;1357,0;15283,0;13312,0;1197,0;33036,0;182985,0;32513,0;5,6;43208747,36;7018211;30;0,789692594540326;False;14669,0;17149,0;41,58088485922694;5,538957500908101;1307,9291488073616;3,623320014529604;2,090133796205329;4,707182499927688;2,2520962574135934;85,53851536532743;9,250801008930397
22;Piauí;2025;1;2025-01;762,0;515,0;7430,0;6127,0;699,0;19036,0;98194,0;18919,0;5,2;23255871,35;3384547;31;1,0194944301628106;False;6642,0;8192,0;47,68967761362202;5,158331582265181;1221,6784697415424;3,671989913847447;1,9624487412938867;5,624386365442701;2,8660042155977115;81,0791015625;7,75368864799759
22;Piauí;2025;2;2025-02;756,0;509,0;7416,0;6115,0;630,0;17055,0;88457,0;16932,0;5,2;20722631,74;3384547;28;0,9133997429305912;False;6624,0;8172,0;47,69291321601104;5,186572852535913;1215,0473022574024;3,6939313984168867;1,9571304520220874;5,039079085029695;2,5747282608695654;81,05726872246696;7,684178743961352
22;Piauí;2025;3;2025-03;755,0;508,0;7482,0;6181,0;716,0;18468,0;96517,0;18339,0;5,3;23070895,04;3384547;31;0,9890745501285347;False;6689,0;8237,0;46,545845610752366;5,226175005414771;1249,236248646307;3,876976391596275;1,9763353855035843;5,456564792865929;2,760950814770519;81,20675003035086;7,594558229929735
22;Piauí;2025;4;2025-04;749,0;505,0;7487,0;6202,0;647,0;17687,0;88841,0;17558,0;5,1;21843276,62;3384547;30;0,9472472150814053;False;6707,0;8236,0;44,153372098802244;5,022954712500707;1234,9904800135694;3,6580539379205064;1,9816536747753835;5,2258101305728655;2,6370955717906663;81,43516270033997;7,529446846578201
22;Piauí;2025;5;2025-05;763,0;509,0;7407,0;6108,0;684,0;19216,0;99050,0;19083,0;5,2;24868016,05;3384547;31;1,0291345329905741;False;6617,0;8170,0;48,287158687057286;5,154558701082431;1294,1307269983347;3,5595337218984184;1,9550622284163877;5,677569258160693;2,9040350612059846;80,99143206854346;7,6923076923076925
22;Piauí;2025;6;2025-06;768,0;512,0;7404,0;6098,0;709,0;19293,0;97801,0;19176,0;5,1;25544720,5;3384547;30;1,033258354755784;False;6610,0;8172,0;49,31971759959657;5,069247913751101;1324,0408697455036;3,67490799771938;1,9529940048106882;5,7003197178233895;2,9187594553706506;80,88595203132648;7,745839636913766
22;Piauí;2025;7;2025-07;768,0;512,0;7417,0;6111,0;675,0;19503,0;97992,0;19376,0;5,1;25452533,59;3384547;31;1,0445051413881747;False;6623,0;8185,0;47,72810294525919;5,024457775726812;1305,0573547659335;3,461005999077065;1,9568349915069876;5,762366425994379;2,944738034123509;80,91631032376299;7,730635663596558
22;Piauí;2025;8;2025-08;729,0;500,0;7281,0;6039,0;661,0;18952,0;93770,0;18838,0;5,0;25139477,41;3384547;31;1,0149957155098543;False;6539,0;8010,0;46,25842957145465;4,947762769100886;1326,4815011608273;3,4877585479105107;1,9320163082385915;5,599567682174306;2,8983024927358922;81,6354556803995;7,6464291176020796
22;Piauí;2025;9;2025-09;731,0;506,0;7364,0;6129,0;647,0;17236,0;77236,0;17236,0;4,5;19915732,31;3384547;30;0,9230934018851756;False;6635,0;8095,0;38,802310977141424;4,481086098862845;1155,4729815502435;3,7537711766071014;1,960380517688187;5,092557438262786;2,5977392614920873;81,96417541692402;7,626224566691786
22;Piauí;2025;10;2025-10;725,0;508,0;7287,0;6118,0;709,0;19901,0;91166,0;19901,0;4,6;25003967,57;3384547;31;1,0658204798628963;False;6626,0;8012,0;44,38331889039269;4,580975830360283;1256,4176458469424;3,5626350434651526;1,9577213730522873;5,879959711004161;3,0034711741623905;82,7009485771343;7,666767280410504
22;Piauí;2025;11;2025-11;737,0;510,0;7303,0;6134,0;612,0;18131,0;87749,0;18019,0;4,9;22887740,76;3384547;30;0,9710261353898886;False;6644,0;8040,0;44,02418221954646;4,8397220230544375;1262,3540212895043;3,375434338977442;1,9630396623240864;5,356994599277244;2,7289283564118003;82,636815920398;7,676098735701385
22;Piauí;2025;12;2025-12;773,0;513,0;7348,0;6162,0;752,0;19014,0;97551,0;18898,0;5,2;24560044,72;3384547;31;1,0183161953727506;False;6675,0;8121,0;47,14316781442552;5,130482802145787;1291,6821668244452;3,954980540654255;1,972198938292185;5,617886234110503;2,8485393258426965;82,19431104543776;7,685393258426966
22;Piauí;2026;1;2026-01;740,0;507,0;7299,0;6124,0;678,0;19652,0;94621,0;19531,0;4,8;26775557,5;3384547;31;1,0524850042844902;False;6631,0;8039,0;46,030618648479035;4,814828007327498;1362,4851160187259;3,4500305312436392;1,959198675627787;5,8063900427442725;2,9636555572311867;82,48538375419828;7,6459055949328905
22;Piauí;2026;2;2026-02;743,0;507,0;7304,0;6129,0;638,0;18035,0;89439,0;17915,0;5,0;25524015,36;3384547;28;0,9658847472150814;False;6636,0;8047,0;48,135171790235084;4,959190462988634;1415,248980316052;3,537565844191849;1,9606759782032868;5,328630389827649;2,7177516576250755;82,46551509879458;7,640144665461121
22;Piauí;2026;3;2026-03;743,0;507,0;7304,0;6129,0;704,0;18254,0;91121,0;18124,0;5,0;24626643,17;3384547;31;0,9776135389888603;False;6636,0;8047,0;44,29456143421027;4,991837405500164;1349,1094099923305;3,8566889448887913;1,9606759782032868;5,393336242634539;2,7507534659433395;82,46551509879458;7,640144665461121
22;Piauí;2026;4;2026-04;742,0;506,0;7331,0;6152,0;692,0;17669,0;91490,0;17554,0;5,2;24581829,97;3384547;30;0,9462832047986289;False;6658,0;8073,0;45,80454590968259;5,177995359103515;1391,2405891674684;3,916463863263343;1,9671761095354858;5,220491841301066;2,6537999399218983;82,47243899417812;7,599879843796936
22;Piauí;2026;5;2026-05;743,0;507,0;7330,0;6148,0;672,0;18876,0;92512,0;18752,0;4,9;26374110,99;3384547;31;1,0109254498714653;False;6655,0;8073,0;44,84234507161727;4,90103835558381;1397,229868086459;3,560076287349015;1,9662897279901859;5,5771126830267095;2,8363636363636364;82,435278087452;7,618332081141999
22;Piauí;2026;6;2026-06;733,0;507,0;7298,0;6147,0;674,0;16948,0;89791,0;16825,0;5,3;25280754,74;3384547;30;0,9076692373607541;False;6654,0;8031,0;44,98096383127943;5,298029265990087;1491,6659629454803;3,976870427189049;1,965994267475086;5,0074648099140004;2,547039374812143;82,85394097870751;7,6194770063119925
23;Ceará;2025;1;2025-01;2663,0;1804,0;19652,0;15546,0;2113,0;45944,0;277687,0;45585,0;6,1;70298276,3;9268836;31;0,9198734633404076;False;17350,0;22315,0;51,629078739425495;6,044031864878983;1530,0861113529513;4,599077137384642;1,8718639535751849;4,956825215161861;2,6480691642651295;77,75039211292852;10,397694524495678
23;Ceará;2025;2;2025-02;2666,0;1807,0;19713,0;15613,0;1857,0;45200,0;263732,0;44773,0;5,9;69418258,85;9268836;28;0,9049773755656109;False;17420,0;22379,0;54,070034443168765;5,834778761061947;1535,8021869469026;4,1084070796460175;1,8794161424368714;4,876556236403363;2,5947187141216994;77,84083292372314;10,373134328358208
23;Ceará;2025;3;2025-03;2672,0;1798,0;19828,0;15698,0;1928,0;48113,0;280026,0;47750,0;5,9;73734980,2;9268836;31;0,963300364393545;False;17496,0;22500,0;51,629496880392935;5,82017334192422;1532,5375719659967;4,007232972377528;1,887615661772417;5,1908351814618365;2,7499428440786464;77,75999999999999;10,276634659350709
23;Ceará;2025;4;2025-04;2674,0;1798,0;19882,0;15746,0;1934,0;49533,0;279099,0;49152,0;5,7;72742059,84;9268836;30;0,9917310695551196;False;17544,0;22556,0;53,02838577291382;5,634607231542608;1468,5575240748592;3,904467728584984;1,8927943055632876;5,3440367269417655;2,823358413132695;77,77974818230182;10,248518011855905
23;Ceará;2025;5;2025-05;2685,0;1827,0;19935,0;15791,0;2226,0;54229,0;313284,0;53849,0;5,8;79130869,36;9268836;31;1,0857526128218475;False;17618,0;22620,0;57,36142288495271;5,777056556455033;1459,1983875786018;4,104814767006583;1,9007780480742136;5,850680711148628;3,07804518106482;77,88682581786031;10,370076058576457
23;Ceará;2025;6;2025-06;2725,0;1827,0;20013,0;15867,0;1894,0;50392,0;282690,0;49978,0;5,7;75301027,22;9268836;30;1,0089296440155369;False;17694,0;22738,0;53,25534079348932;5,609819018891888;1494,3051916970946;3,7585331004921416;1,908977567409759;5,436712873115891;2,847971063637391;77,81687043715367;10,325534079348932
23;Ceará;2025;7;2025-07;2747,0;1831,0;20090,0;15869,0;1943,0;50832,0;285811,0;50415,0;5,7;75339203,24;9268836;31;1,0177391582909543;False;17700,0;22837,0;52,08875523965737;5,622658954988983;1482,1215620081837;3,8223953415171548;1,9096248978836179;5,484183774532207;2,871864406779661;77,50580198800193;10,344632768361581
23;Ceará;2025;8;2025-08;2762,0;1842,0;20169,0;15901,0;1925,0;50122,0;282324,0;49700,0;5,7;78010797,75;9268836;31;1,003523805710167;False;17743,0;22931,0;51,328556650237346;5,632736123857787;1556,4182943617573;3,840628865568014;1,9142640996129396;5,407583001792243;2,824888688496872;77,37560507609787;10,381558924646338
23;Ceará;2025;9;2025-09;2792,0;1864,0;20373,0;16056,0;2112,0;53075,0;304517,0;52713,0;5,8;86529567,58;9268836;30;1,06264765947223;False;17920,0;23165,0;56,643787202380956;5,737484691474329;1630,3262850682995;3,979274611398963;1,9333603485917759;5,7261774833431085;2,9617745535714284;77,35808331534642;10,401785714285715
23;Ceará;2025;10;2025-10;2793,0;1863,0;20312,0;16060,0;1946,0;52261,0;297550,0;51834,0;5,7;87156488,72;9268836;31;1,0463500580627076;False;17923,0;23105,0;53,55346257197006;5,693538202483688;1667,715671724613;3,723617994297851;1,9336840138287053;5,638356315722924;2,9158622998381967;77,57195412248431;10,394465212297048
23;Ceará;2025;11;2025-11;2881,0;1863,0;20481,0;16178,0;1805,0;49770,0;285241,0;49378,0;5,8;86208728,61;9268836;30;0,996476194289833;False;18041,0;23362,0;52,70236313582026;5,7311834438416716;1732,1424273658831;3,626682740606791;1,9464148464812627;5,36960628065919;2,7587162574136688;77,22369660131838;10,326478576575578
23;Ceará;2025;12;2025-12;2881,0;1863,0;20437,0;16141,0;1924,0;48461,0;274683,0;48118,0;5,7;77723892,48;9268836;31;0,9702678893204661;False;18004,0;23318,0;49,215407328837316;5,668124883927281;1603,8441732527187;3,9702028435236585;1,9424229752257998;5,22838034894565;2,691679626749611;77,21073848529034;10,347700510997557
23;Ceará;2026;1;2026-01;2822,0;1855,0;20218,0;15964,0;2064,0;48963,0;282343,0;48637,0;5,8;78797901,34;9268836;31;0,9803187442437833;False;17819,0;23040,0;51,11307430090027;5,766456303739559;1609,335648142475;4,215427976226946;1,9224636189484852;5,2825403319251745;2,7477972950221674;77,33940972222221;10,410236264661316
23;Ceará;2026;2;2026-02;2823,0;1855,0;20191,0;15944,0;1846,0;46573,0;261977,0;46201,0;5,7;74165744,76;9268836;28;0,9324670644295839;False;17799,0;23014,0;52,56655670864334;5,625083202714019;1592,4622583900543;3,963669937517446;1,920305850702289;5,024687026504731;2,61660767458846;77,33988007299905;10,421933816506545
23;Ceará;2026;3;2026-03;2843,0;1865,0;20074,0;15938,0;2178,0;52992,0;293786,0;52606,0;5,6;85944314,54;9268836;31;1,0609858647339125;False;17803,0;22917,0;53,2324200524377;5,543968900966184;1621,8356457578504;4,110054347826087;1,9207374043515282;5,717222745121394;2,9765769814076277;77,68468822271676;10,47576251193619
23;Ceará;2026;4;2026-04;2837,0;1879,0;20069,0;15969,0;1914,0;49667,0;278647,0;49255,0;5,7;81751502,83;9268836;30;0,9944139670844512;False;17848,0;22906,0;52,040751531450766;5,610304628827994;1645,9923657559345;3,8536654116415328;1,9255923829054695;5,358493774191279;2,782776781712237;77,91844931459006;10,527790228597041
23;Ceará;2026;5;2026-05;2825,0;1836,0;20173,0;16022,0;2091,0;53661,0;298019,0;53275,0;5,6;92496843,53;9268836;31;1,0743803307572177;False;17858,0;22998,0;53,83310633347664;5,553735487598069;1723,7256765621214;3,8966847431095206;1,9266712670285677;5,789400092956656;3,0048717661552247;77,65023045482215;10,281106506887669
23;Ceará;2026;6;2026-06;2857,0;1902,0;20294,0;16075,0;2066,0;53245,0;300892,0;52819,0;5,7;94664330,51;9268836;30;1,0660513354422776;False;17977,0;23151,0;55,792030557564296;5,651084608883464;1777,9008453375905;3,8801765423983476;1,939509988093435;5,744518513435776;2,961840129053791;77,65107338775863;10,580185792957668
24;Rio Grande do Norte;2025;1;2025-01;1093,0;684,0;7780,0;6221,0;681,0;17947,0;87407,0;17872,0;4,9;34392409,45;3455236;31;0,9734230080815751;False;6905,0;8873,0;40,833897829996964;4,870284727252465;1916,3319468434838;3,794506045578648;1,9984163165699826;5,1941459280929;2,5991310644460537;77,82035388256509;9,90586531498914
24;Rio Grande do Norte;2025;2;2025-02;1103,0;694,0;7756,0;6204,0;631,0;17891,0;82142,0;17811,0;4,6;32823427,66;3455236;28;0,9703856375766122;False;6898,0;8859,0;42,528890361595494;4,59124699569616;1834,6334838745738;3,526912973003186;1,9963904057494193;5,177938641528393;2,59365033342998;77,86431877187042;10,060887213685126
24;Rio Grande do Norte;2025;3;2025-03;1103,0;694,0;7733,0;6197,0;760,0;18602,0;88765,0;18520,0;4,8;35945850,33;3455236;31;1,008949395237837;False;6891,0;8836,0;41,55256271621236;4,771798731319213;1932,3648172239543;4,0855821954628535;1,994364494928856;5,383713297731328;2,6994630677695546;77,98777727478497;10,07110724132927
24;Rio Grande do Norte;2025;4;2025-04;1086,0;687,0;7757,0;6221,0;676,0;18675,0;84556,0;18597,0;4,5;33664203,91;3455236;30;1,012908824646092;False;6908,0;8843,0;40,80100366724571;4,527764390896921;1802,6347475234268;3,6198125836680055;1,9992845640645096;5,404840653431488;2,703387376954256;78,1182856496664;9,944991314418065
24;Rio Grande do Norte;2025;5;2025-05;1098,0;687,0;7753,0;6210,0;807,0;20311,0;95162,0;20227,0;4,7;38861979,68;3455236;31;1,1016434343982209;False;6897,0;8851,0;44,508365020789775;4,685244448820836;1913,346446752991;3,9732164836787947;1,99610098991791;5,878324953780292;2,9449035812672175;77,92339848604678;9,960852544584602
24;Rio Grande do Norte;2025;6;2025-06;1118,0;687,0;7746,0;6203,0;697,0;19291,0;89388,0;19216,0;4,7;36718351,37;3455236;30;1,0463199002006833;False;6890,0;8864,0;43,24528301886792;4,633663366336633;1903,3928448499298;3,6130838214711525;1,9940750790973467;5,583120805641062;2,799854862119013;77,73014440433214;9,970972423802612
24;Rio Grande do Norte;2025;7;2025-07;1119,0;687,0;7796,0;6213,0;754,0;20225,0;93669,0;20144,0;4,6;38544494,81;3455236;31;1,0969789011227422;False;6900,0;8915,0;43,791023842917255;4,631347342398022;1905,7846630407912;3,7280593325092712;1,9969692374124373;5,8534351922705135;2,931159420289855;77,39764441951766;9,956521739130435
24;Rio Grande do Norte;2025;8;2025-08;1121,0;687,0;7925,0;6230,0;712,0;19378,0;89000,0;19299,0;4,6;38046633,57;3455236;31;1,0510386722351792;False;6917,0;9046,0;41,50596706571467;4,5928372381050675;1963,3932072453297;3,674269790484054;2,001889306548091;5,608299982982349;2,801503541997976;76,46473579482644;9,93205146739916
24;Rio Grande do Norte;2025;9;2025-09;1122,0;688,0;7937,0;6231,0;671,0;18940,0;88441,0;18852,0;4,7;37526730,72;3455236;30;1,0272820957856483;False;6919,0;9059,0;42,607794960736136;4,669535374868004;1981,3479788806758;3,5427666314677935;2,002468138211109;5,481535848781386;2,737389796213326;76,37708356330721;9,943633473045239
24;Rio Grande do Norte;2025;10;2025-10;1128,0;684,0;7869,0;6209,0;638,0;18364,0;84606,0;18285,0;4,6;36049884,57;3455236;31;0,9960405705917449;False;6893,0;8997,0;39,59416518862053;4,607166194728817;1963,073653343498;3,47418862992812;1,994943326591874;5,314832329832174;2,6641520382997244;76,61442703123264;9,923110401856956
24;Rio Grande do Norte;2025;11;2025-11;1138,0;684,0;7840,0;6209,0;652,0;18141,0;83787,0;18060,0;4,6;34654339,62;3455236;30;0,9839453273309107;False;6893,0;8978,0;40,51791672711446;4,618653877956011;1910,277251529684;3,5940686841960203;1,994943326591874;5,250292599405656;2,631800377194255;76,77656493651148;9,923110401856956
24;Rio Grande do Norte;2025;12;2025-12;1137,0;684,0;7801,0;6223,0;639,0;17690,0;84394,0;17607,0;4,8;35440994,52;3455236;31;0,9594836470141563;False;6907,0;8938,0;39,414899330739736;4,770717919728661;2003,4479660825327;3,6122102882984737;1,9989951482330006;5,119766059395075;2,561169827711018;77,27679570373685;9,902996959606197
24;Rio Grande do Norte;2026;1;2026-01;1174,0;680,0;7759,0;6215,0;726,0;17818,0;90816,0;17739,0;5,1;33067115,03;3455236;31;0,9664262081683571;False;6895,0;8933,0;42,4880114154717;5,096868335391178;1855,8264131776855;4,07453137276911;1,995522158254892;5,156811285828233;2,5841914430746917;77,18571588492108;9,862218999274837
24;Rio Grande do Norte;2026;2;2026-02;1180,0;687,0;7770,0;6226,0;607,0;16670,0;83249,0;16589,0;5,0;33037765,56;3455236;28;0,9041601128166188;False;6913,0;8950,0;43,00851397987229;4,993941211757648;1981,8695596880623;3,6412717456508696;2,0007316432220548;4,824561911255845;2,4113988138290177;77,24022346368716;9,937798350933026
24;Rio Grande do Norte;2026;3;2026-03;1180,0;687,0;7782,0;6284,0;733,0;18687,0;87171,0;18608,0;4,7;36441603,16;3455236;31;1,0135596897542984;False;6971,0;8962,0;40,338082655795205;4,664793706855033;1950,104519719591;3,9225129769358382;2,0175177614495796;5,408313643409596;2,6806770908047626;77,7839767908949;9,855114043896142
24;Rio Grande do Norte;2026;4;2026-04;1186,0;688,0;7748,0;6220,0;702,0;18285,0;87497,0;18209,0;4,8;37710636,19;3455236;30;0,9917557086293866;False;6908,0;8934,0;42,22013124879367;4,785179108558928;2062,3809783975935;3,8392124692370793;1,9992845640645096;5,291968479142959;2,6469310943833237;77,32258786657712;9,95946728430805
24;Rio Grande do Norte;2026;5;2026-05;1163,0;699,0;7738,0;6249,0;756,0;18510,0;89179,0;18415,0;4,8;39610530,61;3455236;31;1,0039594294082552;False;6948,0;8901,0;41,40388508180586;4,817882225823879;2139,953031334414;4,084278768233387;2,010861197324872;5,357087041232495;2,664075993091537;78,05864509605662;10,060449050086357
24;Rio Grande do Norte;2026;6;2026-06;1218,0;703,0;7920,0;6279,0;652,0;18330,0;87311,0;18242,0;4,8;38897889,17;3455236;30;0,9941964527851602;False;6982,0;9138,0;41,683853719087175;4,763284233496999;2122,088879978178;3,5570103655210037;2,020701335596179;5,304992191560866;2,6253222572328845;76,4062158021449;10,06874820968204
25;Paraíba;2025;1;2025-01;1403,0;971,0;9682,0;7489,0;1195,0;20025,0;106555,0;19845,0;5,4;39076999,62;4164468;31;0,9340236479395508;False;8460,0;11085,0;40,62952794936322;5,321098626716604;1951,410717602996;5,967540574282147;2,031471967127614;4,8085373689988735;2,367021276595745;76,31935047361299;11,477541371158392
25;Paraíba;2025;2;2025-02;1398,0;961,0;9668,0;7478,0;971,0;19484,0;100520,0;19274,0;5,2;40959565,34;4164468;28;0,9087898505095735;False;8439,0;11066,0;42,54058537741439;5,159104906590023;2102,2154249640735;4,9835762677068365;2,026429306216304;4,678628818855134;2,3088043607062447;76,26061810952467;11,387605166488921
25;Paraíba;2025;3;2025-03;1410,0;965,0;9643,0;7445,0;1038,0;21501,0;111508,0;21297,0;5,2;42618588,45;4164468;31;1,0028685370461066;False;8410,0;11053,0;42,77089486402516;5,186177387098274;1982,167734058881;4,827682433375192;2,0194656316244957;5,162964393050926;2,556599286563615;76,087939925812;11,474435196195005
25;Paraíba;2025;4;2025-04;1443,0;965,0;9659,0;7460,0;929,0;21058,0;109266,0;20840,0;5,2;41590219,33;4164468;30;0,98220574173838;False;8425,0;11102,0;43,23086053412462;5,188811852977491;1975,031785069807;4,411625035615918;2,023067532275431;5,056588260493298;2,49946587537092;75,88722752657179;11,4540059347181
25;Paraíba;2025;5;2025-05;1456,0;955,0;9803,0;7500,0;1041,0;22266,0;117311,0;22056,0;5,3;43130154,69;4164468;31;1,0385503393269433;False;8455,0;11259,0;44,75725377234315;5,268615826821162;1937,0409902991107;4,6752896793317165;2,030271333577302;5,346661326248635;2,633471318746304;75,09547917221778;11,295091661738617
25;Paraíba;2025;6;2025-06;1456,0;955,0;9819,0;7516,0;1123,0;22325,0;118778,0;22110,0;5,4;45676228,16;4164468;30;1,0413022691760536;False;8471,0;11275,0;46,739070554440644;5,32040313549832;2045,9676667413212;5,03023516237402;2,0341133609383;5,360828802142315;2,635462165033644;75,13082039911309;11,273757525675835
25;Paraíba;2025;7;2025-07;1466,0;955,0;9820,0;7529,0;1199,0;22818,0;122072,0;22606,0;5,4;49289711,26;4164468;31;1,064297208423704;False;8484,0;11286,0;46,41450320147222;5,349811552283285;2160,124080112192;5,2546235428170744;2,0372350081691106;5,479211270203061;2,6895332390381896;75,17278043593834;11,256482791136255
25;Paraíba;2025;8;2025-08;1464,0;953,0;9819,0;7528,0;1216,0;23199,0;124977,0;23003,0;5,4;50194216,85;4164468;31;1,0820681452459247;False;8481,0;11283,0;47,53585814210893;5,387171860856071;2163,637089960774;5,241605241605242;2,0365146280389235;5,570699546736822;2,735408560311284;75,16617920765754;11,236882443108124
25;Paraíba;2025;9;2025-09;1461,0;954,0;9776,0;7478,0;1085,0;22458,0;117813,0;22229,0;5,3;49162706,77;4164468;30;1,0475057720562513;False;8432,0;11237,0;46,573766603415564;5,2459257280256475;2189,0955013803546;4,831240537892956;2,0247484192458676;5,392765654580609;2,6634250474383303;75,03782148260211;11,31404174573055
25;Paraíba;2025;10;2025-10;1451,0;958,0;9713,0;7415,0;1091,0;23150,0;118815,0;22942,0;5,2;57206602,17;4164468;31;1,079782644184799;False;8373,0;11164,0;45,77501415841241;5,132397408207344;2471,1275235421167;4,712742980561555;2,010580943352188;5,558933337943766;2,764839364624388;75,0;11,441538277797683
25;Paraíba;2025;11;2025-11;1512,0;965,0;9795,0;7496,0;1120,0;20585,0;112038,0;20384,0;5,5;47414960,1;4164468;30;0,9601436600666993;False;8461,0;11307,0;44,13899066304219;5,44270099587078;2303,374306533884;5,440854991498664;2,0317120938376765;4,943008326633798;2,432927549934996;74,82975148138321;11,405271244533743
25;Paraíba;2025;12;2025-12;1514,0;965,0;9838,0;7540,0;988,0;19248,0;109062,0;19040,0;5,7;41139002,54;4164468;31;0,8977821311131323;False;8505,0;11352,0;41,36542072025943;5,666147132169576;2137,3130995428096;5,133000831255195;2,0422776690804203;4,621958915280415;2,2631393298059965;74,92071881606765;11,346266901822458
25;Paraíba;2026;1;2026-01;1480,0;925,0;9858,0;7554,0;1062,0;20851,0;115476,0;20646,0;5,6;49037509,15;4164468;31;0,9725506658270948;False;8479,0;11338,0;43,93244790735365;5,538151647403002;2351,8061076207377;5,0932808977986666;2,036034374618799;5,006882031510387;2,4591343318787593;74,78391250661493;10,909305342611157
25;Paraíba;2026;2;2026-02;1512,0;951,0;9847,0;7558,0;991,0;19591,0;101546,0;19393,0;5,2;46982350,28;4164468;28;0,9137806385410108;False;8509,0;11359,0;42,62125816362507;5,183298453371446;2398,1598836200296;5,0584452044306065;2,0432381759206697;4,704322376831807;2,3023857092490303;74,90976318337881;11,176401457280527
25;Paraíba;2026;3;2026-03;1514,0;953,0;9868,0;7566,0;1208,0;23195,0;120620,0;22978,0;5,2;55291322,05;4164468;31;1,0818815737307306;False;8519,0;11382,0;45,673996266410185;5,200258676438888;2383,7603815477473;5,208018969605519;2,0456394430212934;5,5697390398965725;2,7227374104941893;74,84624846248462;11,18675900927339
25;Paraíba;2026;4;2026-04;1534,0;953,0;9861,0;7543,0;1102,0;22135,0;112681,0;21924,0;5,1;52071351,34;4164468;30;1,0324401222043424;False;8496,0;11395,0;44,20943188951664;5,090625705895641;2352,4441536028917;4,978540772532189;2,0401165286898593;5,315204727230465;2,605343691148776;74,55901711276876;11,217043314500943
25;Paraíba;2026;5;2026-05;1540,0;959,0;9861,0;7547,0;1073,0;21143,0;111471,0;20927,0;5,3;52174188,74;4164468;31;0,9861703864362509;False;8506,0;11401,0;42,27414424732447;5,272241403774299;2467,6814425578204;5,074965709691151;2,042517795790483;5,076999030848598;2,485657183164825;74,60749057100254;11,27439454502704
25;Paraíba;2026;6;2026-06;1542,0;961,0;9925,0;7611,0;1077,0;21378,0;114358,0;21148,0;5,4;56802256,19;4164468;30;0,9971314629538935;False;8572,0;11467,0;44,469590916161145;5,349331088034428;2657,042576012723;5,037889419028908;2,058366158654599;5,133428807713254;2,4939337377508166;74,75364088253248;11,21091927204853
26;Pernambuco;2025;1;2025-01;3524,0;1779,0;23170,0;16572,0;2343,0;52811,0;269432,0;52535,0;5,1;91904755,43;9562007;31;0,9406347962382445;False;18351,0;26694,0;47,361750524274846;5,101815909564295;1740,2578142811158;4,436575713393043;1,9191577667742767;5,523003695772237;2,877826821426625;68,74578556979097;9,694294588850743
26;Pernambuco;2025;2;2025-02;3516,0;1779,0;23179,0;16580,0;2107,0;50419,0;248824,0;50056,0;5,0;88194104,42;9562007;28;0,8980300655457395;False;18359,0;26695,0;48,40444157400419;4,935123663698209;1749,22359467661;4,178980146373391;1,9199944112151353;5,272847007955548;2,74628247725911;68,77317849784605;9,690070265264993
26;Pernambuco;2025;3;2025-03;3603,0;1771,0;23231,0;16525,0;2364,0;53849,0;276702,0;53532,0;5,2;95115610,27;9562007;31;0,9591229695069821;False;18296,0;26834,0;48,78591477777621;5,1384798232093445;1766,339398503222;4,390053668591802;1,9134058362433746;5,6315583119736266;2,9432116309575864;68,18215696504436;9,679711412330565
26;Pernambuco;2025;4;2025-04;3660,0;1771,0;23296,0;16590,0;2263,0;56353,0;279841,0;56014,0;5,0;96678351,14;9562007;30;1,0037225705329154;False;18361,0;26956,0;50,803514696004214;4,965858073217043;1715,5848160701294;4,015757812361365;1,9202035723253497;5,893428021962335;3,0691683459506565;68,11470544591187;9,645444147922227
26;Pernambuco;2025;5;2025-05;3710,0;1801,0;23438,0;16527,0;2448,0;58995,0;293642,0;58662,0;5,0;103702482,24;9562007;31;1,0507801367911085;False;18328,0;27148,0;51,68224891229355;4,977404864819053;1757,8181581489955;4,149504195270786;1,9167524140068084;6,1697298485558525;3,21884548232213;67,51141888905259;9,826494980357921
26;Pernambuco;2025;6;2025-06;3720,0;1801,0;23430,0;16519,0;2406,0;55198,0;275959,0;54899,0;5,0;94094432,24;9562007;30;0,9831504702194357;False;18320,0;27150,0;50,210880640465795;4,999438385448748;1704,6710431537374;4,358853581651509;1,9159157695659499;5,7726374808133905;3,012991266375546;67,47697974217311;9,830786026200872
26;Pernambuco;2025;7;2025-07;3693,0;1787,0;23172,0;16190,0;2489,0;57887,0;291582,0;57532,0;5,1;103810945,11;9562007;31;1,0310451695639784;False;17977,0;26865,0;52,32169420783187;5,0370895019607165;1793,3377979511808;4,299756421994576;1,880044639164142;6,053854593496951;3,2200589642320745;66,91606179043364;9,940479501585358
26;Pernambuco;2025;8;2025-08;3634,0;1769,0;23042,0;16036,0;2448,0;58867,0;288001,0;58554,0;4,9;102390632,87;9562007;31;1,0485002849814762;False;17805,0;26676,0;52,17834787256207;4,892401515280208;1739,3553751677512;4,158526848658841;1,8620567836856845;6,156343537502116;3,3062061218758774;66,74538911381018;9,935411401291772
26;Pernambuco;2025;9;2025-09;3615,0;1760,0;23007,0;15939,0;2368,0;58532,0;287595,0;58199,0;4,9;101170686,54;9562007;30;1,042533485323454;False;17699,0;26622,0;54,16407706650094;4,913466138180824;1728,4679583817401;4,0456502426023375;1,8509712448443094;6,121309051541167;3,307079496016724;66,48260836901811;9,944064636420137
26;Pernambuco;2025;10;2025-10;3589,0;1704,0;23028,0;15944,0;2386,0;58387,0;290936,0;58050,0;5,0;105782865,74;9562007;31;1,0399508406953548;False;17648,0;26617,0;53,17901324832568;4,982890026889548;1811,753742100125;4,086526110264272;1,8456376365338365;6,106144871050607;3,308420217588395;66,30349025059172;9,655485040797824
26;Pernambuco;2025;11;2025-11;3631,0;1756,0;23139,0;16092,0;2192,0;55363,0;274080,0;55041,0;5,0;99137669,3;9562007;30;0,98608934169279;False;17848,0;26770,0;51,18780815777678;4,950598775355382;1790,6845600852555;3,9593230135650166;1,866553747555299;5,789893272406097;3,1019161810847153;66,67164736645499;9,838637382339758
26;Pernambuco;2025;12;2025-12;3601,0;1756,0;23235,0;16084,0;2377,0;55935,0;284449,0;55619,0;5,1;102253565,08;9562007;31;0,9962774294670846;False;17840,0;26836,0;51,433711847244325;5,085349065880039;1828,0783959953517;4,249575400017878;1,8657171031144404;5,8497133499274785;3,1353699551569507;66,47786555373379;9,84304932735426
26;Pernambuco;2026;1;2026-01;3527,0;1755,0;23238,0;16169,0;2300,0;52161,0;270043,0;51853,0;5,2;98784388,81;9562007;31;0,9290574237674551;False;17924,0;26765,0;48,60000287954158;5,177105500277985;1893,8361766453866;4,409424665938153;1,8745018697434546;5,455026334952485;2,910120508814997;66,96805529609566;9,791341218478019
26;Pernambuco;2026;2;2026-02;3487,0;1755,0;23203,0;16096,0;2063,0;51391,0;260618,0;51040,0;5,1;93368442,24;9562007;28;0,9153426902251354;False;17851,0;26690,0;52,14153668862088;5,071277071860831;1816,824779436088;4,014321573816427;1,8668674892206207;5,374499307519854;2,8788863368998934;66,88272761333833;9,83138199540642
26;Pernambuco;2026;3;2026-03;3485,0;1755,0;23122,0;16021,0;2454,0;58473,0;290433,0;58126,0;5,0;112099465,48;9562007;31;1,0414826161299515;False;17776,0;26607,0;52,70480677099968;4,966959109332512;1917,1150014536624;4,196808783541122;1,8590239475875725;6,115138798789836;3,2894351935193518;66,8094862254294;9,872862286228623
26;Pernambuco;2026;4;2026-04;3494,0;1751,0;23163,0;16025,0;2436,0;57182,0;287151,0;56845,0;5,1;103343734,1;9562007;30;1,0184881732687376;False;17776,0;26657,0;53,84619711971197;5,021702633695918;1807,277361757196;4,260081843936903;1,8590239475875725;5,980125302146297;3,2168091809180916;66,68417301271711;9,8503600360036
26;Pernambuco;2026;5;2026-05;3489,0;1751,0;23000,0;15987,0;2352,0;58571,0;297829,0;58242,0;5,1;110274685,25;9562007;31;1,0432281276717013;False;17738,0;26489,0;54,16274155358097;5,08492257260419;1882,7523048949138;4,015639138822967;1,8550498864934946;6,125387693190352;3,3020069906415603;66,9636452867228;9,871462397113541
26;Pernambuco;2026;6;2026-06;3492,0;1754,0;22997,0;16109,0;2197,0;54297,0;281233,0;53956,0;5,2;103832503,61;9562007;30;0,9671024508406953;False;17863,0;26489,0;52,47961335348672;5,179531097482365;1912,3064554211098;4,046264066154668;1,8681224558819085;5,678410400661702;3,039634999720092;67,43553928045604;9,819179309186586
27;Alagoas;2025;1;2025-01;1025,0;745,0;6697,0;5378,0;690,0;13473,0;84195,0;13131,0;6,4;21873920,24;3220848;31;0,8995192949659501;False;6123,0;7722,0;44,35681433832245;6,249164996659987;1623,5374630742965;5,1213538187486085;1,901052145273543;4,183059864979658;2,200391964723175;79,29292929292929;12,167238281887965
27;Alagoas;2025;2;2025-02;1040,0;741,0;6721,0;5331,0;643,0;13863,0;80336,0;13527,0;5,9;22259558,06;3220848;28;0,9255574843103218;False;6072,0;7761,0;47,25202333897986;5,794993868571017;1605,681170020919;4,638245689966096;1,8852178059939495;4,304145988882431;2,283102766798419;78,23734054889833;12,203557312252965
27;Alagoas;2025;3;2025-03;1030,0;735,0;6811,0;5296,0;607,0;14431,0;84802,0;14106,0;6,0;23522619,11;3220848;31;0,963479770329817;False;6031,0;7841,0;45,3581228170581;5,876377243434273;1630,006174901254;4,206222714988566;1,8724882391221194;4,480497061643393;2,3928038467915766;76,9162096671343;12,187033659426296
27;Alagoas;2025;4;2025-04;1038,0;735,0;6837,0;5345,0;633,0;14383,0;80830,0;14054,0;5,8;22002017,39;3220848;30;0,9602750701028174;False;6080,0;7875,0;44,31469298245614;5,619828964750052;1529,7237982340264;4,401028992560662;1,8877016239201603;4,465594154086129;2,365625;77,20634920634922;12,088815789473683
27;Alagoas;2025;5;2025-05;1038,0;735,0;6839,0;5347,0;651,0;15373,0;84830,0;15040,0;5,6;23899674,83;3220848;31;1,0263720122846842;False;6082,0;7877,0;44,9926276373434;5,518116177714174;1554,6526266831456;4,234697196383269;1,8883225784017128;4,772966622454708;2,527622492601118;77,2121366002285;12,084840512989148
27;Alagoas;2025;6;2025-06;1047,0;735,0;6841,0;5349,0;601,0;13732,0;75221,0;13397,0;5,6;21575630,41;3220848;30;0,9168113232741354;False;6084,0;7888,0;41,21246986631602;5,477789105738421;1571,193592339062;4,376638508593067;1,8889435328832656;4,26347347034073;2,25706771860618;77,12981744421906;12,08086785009862
27;Alagoas;2025;7;2025-07;1047,0;735,0;6841,0;5349,0;757,0;17324,0;98505,0;16985,0;5,8;27522097,92;3220848;31;1,1566297235946055;False;6084,0;7888,0;52,22847871731246;5,686042484414685;1588,6687785730778;4,369660586469638;1,8889435328832656;5,378707719209351;2,8474687705456936;77,12981744421906;12,08086785009862
27;Alagoas;2025;8;2025-08;1050,0;735,0;6871,0;5375,0;716,0;15188,0;86243,0;14853,0;5,8;25393840,08;3220848;31;1,0140205634931232;False;6110,0;7921,0;45,532442848846415;5,678364498288122;1671,9673479062417;4,714248090597841;1,8970159411434504;4,715528332911084;2,4857610474631753;77,13672516096453;12,029459901800326
27;Alagoas;2025;9;2025-09;1050,0;735,0;6871,0;5371,0;717,0;15198,0;89339,0;14854,0;6,0;25071296,94;3220848;30;1,0146882093737482;False;6106,0;7921,0;48,77115405611966;5,878339255165153;1649,6444887485197;4,717726016581129;1,8957740321803451;4,7186331053188475;2,4890271863740585;77,08622648655474;12,037340320995742
27;Alagoas;2025;10;2025-10;1050,0;735,0;6883,0;5382,0;703,0;15730,0;89583,0;15413,0;5,8;27127477,88;3220848;31;1,0502069702229937;False;6117,0;7933,0;47,24169026562673;5,69504132231405;1724,5694774316592;4,4691671964399236;1,899189281828885;4,883806997411861;2,5715219879025666;77,10828186058237;12,015693967631192
27;Alagoas;2025;11;2025-11;1045,0;735,0;6796,0;5385,0;719,0;14768,0;85177,0;14415,0;5,9;24861039,13;3220848;30;0,9859794365068768;False;6120,0;7841,0;46,39270152505446;5,767673347778982;1683,4398110780064;4,86863488624052;1,900120713551214;4,585127891785021;2,4130718954248365;78,05126897079454;12,009803921568627
27;Alagoas;2025;12;2025-12;1065,0;735,0;6930,0;5519,0;612,0;14176,0;82819,0;13881,0;6,0;25244734,15;3220848;31;0,9464548003738817;False;6254,0;7995,0;42,71795083404685;5,842198081264108;1780,8079959085778;4,317155756207676;1,9417246638152437;4,401325365245426;2,266709306044132;78,223889931207;11,752478413815158
27;Alagoas;2026;1;2026-01;1044,0;719,0;6935,0;5528,0;704,0;14547,0;86002,0;14177,0;6,1;24624261,52;3220848;31;0,9712244625450661;False;6247,0;7979,0;44,409445566129804;5,912009349006668;1692,7381260741047;4,839485804633258;1,9395513231298094;4,516512421573449;2,3286377461181367;78,29301917533526;11,509524571794461
27;Alagoas;2026;2;2026-02;1047,0;722,0;6965,0;5558,0;593,0;13924,0;75716,0;13588,0;5,6;24030826,54;3220848;28;0,9296301241821338;False;6280,0;8012,0;43,05959963603276;5,437805228382649;1725,8565455328928;4,2588336684860675;1,9497970720754285;4,323085100569788;2,2171974522292994;78,3824263604593;11,496815286624203
27;Alagoas;2026;3;2026-03;1045,0;721,0;6784,0;5406,0;724,0;15523,0;89416,0;15220,0;5,9;27189369,5;3220848;31;1,036386700494058;False;6127,0;7829,0;47,0766622616973;5,7602267602911805;1751,553791148618;4,664046898151131;1,9022940542366482;4,819538208571159;2,533540068549045;78,26031421637502;11,767586094336544
27;Alagoas;2026;4;2026-04;1041,0;721,0;6888,0;5406,0;877,0;15819,0;91750,0;15481,0;5,9;25809905,96;3220848;30;1,0561490185605555;False;6127,0;7929,0;49,91567379359121;5,799987356975788;1631,5763297300714;5,543966116695113;1,9022940542366482;4,911439471840956;2,5818508242206626;77,27330054231302;11,767586094336544
27;Alagoas;2026;5;2026-05;1053,0;723,0;6915,0;5433,0;714,0;16204,0;90228,0;15848,0;5,7;28324974,64;3220848;31;1,0818533849646148;False;6156,0;7968,0;47,280387348299065;5,568254751913108;1748,0236139224883;4,406319427301901;1,911297894219162;5,030973209539848;2,632228719948018;77,2590361445783;11,744639376218323
27;Alagoas;2026;6;2026-06;1053,0;723,0;6904,0;5427,0;770,0;15492,0;85167,0;15162,0;5,6;25788212,73;3220848;30;1,0343169982641207;False;6150,0;7957,0;46,1609756097561;5,497482571649884;1664,6148160340822;4,970307255357604;1,909435030774504;4,8099134141070925;2,5190243902439025;77,29043609400527;11,75609756097561
28;Sergipe;2025;1;2025-01;723,0;465,0;3417,0;2535,0;460,0;9452,0;53839,0;9385,0;5,7;16057326,6;2299425;31;0,8980522565320666;False;3000,0;4140,0;57,891397849462365;5,696043165467626;1698,8284595852729;4,8666948793906055;1,3046739945856027;4,110592865607706;3,1506666666666665;72,46376811594203;15,5
28;Sergipe;2025;2;2025-02;760,0;465,0;3559,0;2550,0;459,0;9482,0;55236,0;9418,0;5,9;15010736,97;2299425;28;0,9009026128266033;False;3015,0;4319,0;65,42999289267945;5,825353300991352;1583,0770902763131;4,840750896435351;1,3111973645585309;4,123639605553562;3,1449419568822554;69,80782588562168;15,422885572139302
28;Sergipe;2025;3;2025-03;753,0;458,0;3563,0;2562,0;499,0;10435,0;57109,0;10367,0;5,5;17380762,19;2299425;31;0,9914489311163895;False;3020,0;4316,0;61,00085451826532;5,472831816003834;1665,6216760900816;4,781983708672736;1,3133718212161736;4,538091044500256;3,455298013245033;69,97219647822057;15,165562913907285
28;Sergipe;2025;4;2025-04;775,0;467,0;3589,0;2554,0;449,0;10574,0;53527,0;10513,0;5,1;17078431,16;2299425;30;1,0046555819477434;False;3021,0;4364,0;59,06101732318218;5,06213353508606;1615,134401361831;4,246264422167581;1,313806712547702;4,598540939582722;3,5001655081098972;69,22548120989917;15,458457464415757
28;Sergipe;2025;5;2025-05;775,0;467,0;3581,0;2558,0;455,0;10594,0;56713,0;10531,0;5,4;18868382,17;2299425;31;1,0065558194774347;False;3025,0;4356,0;60,47773926952813;5,353313196148764;1781,0441919954692;4,2948838965452145;1,3155462778738163;4,607238766213292;3,5021487603305785;69,44444444444444;15,438016528925619
28;Sergipe;2025;6;2025-06;798,0;452,0;3574,0;2582,0;420,0;9399,0;51881,0;9351,0;5,5;16399331,55;2299425;30;0,8930166270783848;False;3034,0;4372,0;56,9995605361459;5,519842536440047;1744,7953558889244;4,468560485157996;1,319460299857573;4,087543625036694;3,0978905735003295;69,39615736505031;14,897824653922214
28;Sergipe;2025;7;2025-07;773,0;452,0;3587,0;2634,0;434,0;10602,0;60804,0;10547,0;5,8;18015335,19;2299425;31;1,0073159144893111;False;3086,0;4360,0;63,558631070599795;5,735144312393888;1699,239312393888;4,093567251461988;1,3420746490970568;4,610717896865521;3,4355152300712897;70,77981651376147;14,646791963707065
28;Sergipe;2025;8;2025-08;781,0;460,0;3643,0;2682,0;555,0;10658,0;60262,0;10601,0;5,7;18283298,02;2299425;31;1,0126365795724466;False;3142,0;4424,0;61,86936613211228;5,654156502158004;1715,4529949333833;5,207355976731094;1,3664285636626547;4,635071811431119;3,392106938255888;71,02169981916818;14,64035646085296
28;Sergipe;2025;9;2025-09;786,0;462,0;3628,0;2690,0;574,0;11257,0;59977,0;11189,0;5,4;19084845,88;2299425;30;1,0695486935866982;False;3152,0;4414,0;63,427453468697124;5,327973705250066;1695,375844363507;5,099049480323354;1,37077747697794;4,8955717190167105;3,5713832487309647;71,40915269596738;14,657360406091371
28;Sergipe;2025;10;2025-10;786,0;462,0;3629,0;2734,0;476,0;11059,0;57895,0;10986,0;5,3;19453428,02;2299425;31;1,0507363420427553;False;3196,0;4415,0;58,43493883483386;5,23510263134099;1759,05850619405;4,304186635319649;1,3899126955651955;4,809463235374061;3,4602628285356696;72,38958097395243;14,455569461827283
28;Sergipe;2025;11;2025-11;777,0;453,0;3622,0;2729,0;533,0;10374,0;57179,0;10306,0;5,5;18713299,26;2299425;30;0,9856532066508313;False;3182,0;4399,0;59,89838675885187;5,511760169654907;1803,8653614806249;5,137844611528822;1,383824216923796;4,511562673277014;3,260213702074167;72,33462150488748;14,236329352608424
28;Sergipe;2025;12;2025-12;801,0;472,0;3628,0;2735,0;441,0;10417,0;55609,0;10340,0;5,4;19960893,28;2299425;31;0,9897387173396675;False;3207,0;4429,0;55,93510164257622;5,338293174618412;1916,1844369780167;4,233464529135068;1,3946965002120093;4,530263000532742;3,248207047084503;72,4091216979002;14,717804801995635
28;Sergipe;2026;1;2026-01;793,0;468,0;3642,0;2732,0;539,0;10283,0;58272,0;10224,0;5,7;19485035,83;2299425;31;0,9770071258907363;False;3200,0;4435,0;58,74193548387097;5,666828746474764;1894,8785208596712;5,241660993873383;1,3916522608913098;4,471987562107918;3,2134375;72,15332581736189;14,625
28;Sergipe;2026;2;2026-02;801,0;468,0;3643,0;2731,0;491,0;10722,0;57989,0;10654,0;5,4;22338611,47;2299425;28;1,0187173396674585;False;3199,0;4444,0;64,74009735185102;5,408412609587764;2083,436995896288;4,579369520611826;1,3912173695597811;4,662904856648945;3,3516723976242577;71,98469846984699;14,629571741169114
28;Sergipe;2026;3;2026-03;800,0;468,0;3668,0;2756,0;568,0;11331,0;65514,0;11258,0;5,8;23424963,09;2299425;31;1,0765795724465559;False;3224,0;4468,0;65,55070839670215;5,781837437119407;2067,3341355573207;5,012796752272527;1,4020896528479945;4,927753677549822;3,514578163771712;72,1575649059982;14,516129032258066
28;Sergipe;2026;4;2026-04;810,0;468,0;3657,0;2760,0;404,0;10944,0;51949,0;10880,0;4,8;20928048,34;2299425;30;1,039809976247031;False;3228,0;4467,0;53,644155307724084;4,746801900584796;1912,2851187865497;3,6915204678362574;1,4038292181741086;4,759450732248279;3,390334572490706;72,2632639355272;14,49814126394052
28;Sergipe;2026;5;2026-05;808,0;468,0;3678,0;2781,0;436,0;10476,0;53829,0;10398,0;5,2;22895146,35;2299425;31;0,9953444180522565;False;3249,0;4486,0;53,44473237422929;5,1383161512027495;2185,4855240549828;4,161893852615503;1,4129619361362078;4,555921589092925;3,224376731301939;72,42532322781989;14,40443213296399
28;Sergipe;2026;6;2026-06;812,0;470,0;3671,0;2784,0;403,0;10160,0;51996,0;10082,0;5,2;19143100,37;2299425;30;0,9653206650831354;False;3254,0;4483,0;53,263675476336815;5,117716535433071;1884,1634222440946;3,966535433070866;1,4151363927938505;4,418495928329908;3,1223110018438844;72,58532232879769;14,443761524277813
29;Bahia;2025;1;2025-01;4610,0;2505,0;31260,0;25021,0;2894,0;72639,0;343967,0;72301,0;4,8;101169012,73;14870907;31;0,911731296636815;False;27526,0;35870,0;40,3099239897528;4,735293712743843;1392,7643928192845;3,984085683998954;1,8509967145917865;4,884638173044859;2,638923199883746;76,73822135489267;9,100486812468212
29;Bahia;2025;2;2025-02;4647,0;2496,0;31202,0;25070,0;2764,0;75137,0;354125,0;74827,0;4,7;102516132,42;14870907;28;0,9430850429576448;False;27566,0;35849,0;45,88014738653206;4,713057481666822;1364,3894808150446;3,678613732249092;1,8536865303508387;5,0526171671976705;2,725712834651382;76,89475299171525;9,05463251831967
29;Bahia;2025;3;2025-03;4641,0;2507,0;31269,0;25206,0;3111,0;78502,0;368586,0;78164,0;4,7;108978780,55;14870907;31;0,9853209742505162;False;27713,0;35910,0;42,90358664793395;4,695243433288324;1388,2293514814908;3,962956357799801;1,8635716032653558;5,278897917927939;2,8326778046404213;77,17348927875244;9,046295962183812
29;Bahia;2025;4;2025-04;4610,0;2479,0;31196,0;25183,0;2944,0;78674,0;368523,0;78307,0;4,7;110373541,25;14870907;30;0,9874798390892603;False;27662,0;35806,0;44,40785192683103;4,684177746142309;1402,9227095355518;3,7420240486056384;1,860142088172564;5,290464125691863;2,8441182850119295;77,25520862425292;8,961752584773336
29;Bahia;2025;5;2025-05;4754,0;2482,0;31591,0;25239,0;3208,0;82789,0;382847,0;82459,0;4,6;114953196,74;14870907;31;1,0391294252022367;False;27721,0;36345,0;44,5507132708288;4,624370387370303;1388,5080957615141;3,8749109181171413;1,864109566417166;5,56717892190436;2,986508423217056;76,27183931765029;8,95350095595397
29;Bahia;2025;6;2025-06;4699,0;2491,0;31523,0;25211,0;3349,0;79100,0;377327,0;78750,0;4,8;113784782,28;14870907;30;0,9928267950270799;False;27702,0;36222,0;45,40309965586119;4,770252844500632;1438,4928227560051;4,233881163084703;1,8628319039316164;5,319110663525769;2,855389502562992;76,47838330296504;8,992130532091545
29;Bahia;2025;7;2025-07;4616,0;2460,0;31296,0;25031,0;3479,0;84930,0;396359,0;84590,0;4,7;118130534,42;14870907;31;1,0660022718286966;False;27491,0;35912,0;46,50894544959582;4,666890380313199;1390,9164537854704;4,0963146120334395;1,848643125802616;5,71115131040763;3,0893747044487285;76,55101358877255;8,948383107198719
29;Bahia;2025;8;2025-08;4617,0;2485,0;31293,0;24918,0;3345,0;85129,0;398701,0;84784,0;4,7;118456810,48;14870907;31;1,0685000282409645;False;27403,0;35910,0;46,93399474745525;4,683492111971244;1391,497732617557;3,9293307803451234;1,842725531132701;5,724533143808915;3,106557676166843;76,31021999443051;9,068350180637157
29;Bahia;2025;9;2025-09;4611,0;2473,0;31219,0;24813,0;3325,0;86235,0;400419,0;85884,0;4,7;124086308,69;14870907;30;1,0823820312156793;False;27286,0;35830,0;48,91629407021916;4,64334666898591;1438,9320889430046;3,855743027772946;1,8348578200374732;5,798906549546709;3,1604119328593416;76,15406084286911;9,06325588213736
29;Bahia;2025;10;2025-10;4588,0;2485,0;31021,0;24748,0;3251,0;82581,0;385573,0;82212,0;4,7;115853603,94;14870907;31;1,0365187049321276;False;27233,0;35609,0;45,67193739095002;4,669027984645378;1402,9087070875867;3,936740896816459;1,831293814156729;5,553191879957288;3,032387177321632;76,47785672161532;9,124958689824846
29;Bahia;2025;11;2025-11;4581,0;2486,0;31169,0;24844,0;2985,0;80243,0;374707,0;79921,0;4,7;120933179,32;14870907;30;1,00717320497292;False;27330,0;35750,0;45,701548969386515;4,669653427713321;1507,0869648442854;3,719950649900926;1,8378166173724306;5,395972148840686;2,936077570435419;76,44755244755245;9,096231247713135
29;Bahia;2025;12;2025-12;4582,0;2479,0;31078,0;24832,0;2869,0;77219,0;365068,0;76873,0;4,7;113230303,82;14870907;31;0,9692173487382565;False;27311,0;35660,0;43,11957488475044;4,727696551366892;1466,3528900918168;3,7154068299252776;1,836538954886881;5,192622077456338;2,827395554904617;76,5872125630959;9,076928710043571
29;Bahia;2026;1;2026-01;4569,0;2479,0;31157,0;24857,0;2989,0;78289,0;367750,0;77927,0;4,7;110420956,11;14870907;31;0,9826474962816063;False;27336,0;35726,0;43,39663164254628;4,6973393452464585;1410,427468865358;3,8179054528733283;1,8382200897362886;5,264574649010985;2,863952297336845;76,51570284946537;9,068627450980392
29;Bahia;2026;2;2026-02;4587,0;2495,0;31050,0;24712,0;3117,0;78699,0;378245,0;78346,0;4,8;114302600,79;14870907;28;0,9877936275832637;False;27207,0;35637,0;49,6517440364612;4,806223713134855;1452,4022006632867;3,9606602371059356;1,8295454339133452;5,292145260541271;2,8926011688168485;76,34481016920617;9,170434079464844
29;Bahia;2026;3;2026-03;4587,0;2495,0;31195,0;24916,0;3105,0;84229,0;393986,0;83861,0;4,7;127110112,17;14870907;31;1,0572036424568383;False;27411,0;35782,0;46,36542193444826;4,677557610799131;1509,1015228721699;3,6863788006506075;1,8432634942845114;5,66401228923024;3,0728174820327605;76,6055558660779;9,10218525409507
29;Bahia;2026;4;2026-04;4612,0;2490,0;31274,0;25005,0;3243,0;82269,0;377229,0;81916,0;4,6;121351265,07;14870907;30;1,032602624526964;False;27495,0;35886,0;45,73304237134025;4,585311599752033;1475,0545779090544;3,9419465412245196;1,848912107378521;5,532211317036682;2,9921440261865793;76,61762247115867;9,056192034915439
29;Bahia;2026;5;2026-05;4578,0;2493,0;31171,0;25281,0;2949,0;81257,0;369024,0;80919,0;4,6;125549687,85;14870907;31;1,019900466289702;False;27774,0;35749,0;42,8602289911428;4,541442583408199;1545,0938116100765;3,6292257897781113;1,8676735722979103;5,4641589783326605;2,9256498883848203;77,69168368345967;8,97602073882048
29;Bahia;2026;6;2026-06;4614,0;2503,0;31325,0;25239,0;3008,0;76255,0;364227,0;75897,0;4,8;122810554,49;14870907;30;0,9571176644094814;False;27742,0;35939,0;43,76360752649413;4,776434332174939;1610,5246146482198;3,9446593665989114;1,8655217196906686;5,12779751766318;2,748720351813135;77,19190851164474;9,022420878090982
31;Minas Gerais;2025;1;2025-01;7206,0;4349,0;43739,0;29148,0;6084,0;126421,0;617412,0;125912,0;4,9;241706450,62;21393441;31;0,9545313833120663;False;33497,0;50945,0;59,457611514560284;4,883777220556711;1911,91693326267;4,812491595541879;1,5657602720385189;5,909334547911204;3,774099173060274;65,75130042202375;12,983252231543124
31;Minas Gerais;2025;2;2025-02;7213,0;4341,0;43794,0;29201,0;5637,0;122362,0;578105,0;121801,0;4,7;236510013,17;21393441;28;0,9238842369925175;False;33542,0;51007,0;61,554490319173404;4,724546836436148;1932,8714238897696;4,6068223794969025;1,5678637204739527;5,719603499035055;3,6480233736807586;65,75960162330661;12,94198318526027
31;Minas Gerais;2025;3;2025-03;7232,0;4342,0;43803,0;29185,0;5618,0;127756,0;605049,0;127186,0;4,8;241278022,72;21393441;31;0,9646111912294345;False;33527,0;51035,0;58,214900460582086;4,735973261529791;1888,5846670215096;4,3974451297786405;1,5671625709954748;5,971736851495746;3,810540758194888;65,69413147839718;12,950756107018224
31;Minas Gerais;2025;4;2025-04;7264,0;4341,0;43898,0;29293,0;5348,0;130830,0;607604,0;130275,0;4,7;253604571,81;21393441;30;0,9878211759020862;False;33634,0;51162,0;60,21724049077323;4,644225330581671;1938,4282795230451;4,0877474585339755;1,5721641039419512;6,115425751285172;3,8898138788131056;65,74019780305696;12,90658262472498
31;Minas Gerais;2025;5;2025-05;7410,0;4426,0;43961,0;29286,0;6270,0;139426,0;644651,0;138870,0;4,6;283899288,47;21393441;31;1,0527245683048556;False;33712,0;51371,0;61,68484085307041;4,623606787830103;2036,2004824781607;4,497009166152655;1,5758100812300369;6,517231145751635;4,135797342192691;65,62457417609157;13,128856193640248
31;Minas Gerais;2025;6;2025-06;7620,0;4549,0;44025,0;29307,0;6594,0;136236,0;643761,0;135702,0;4,7;267495363,43;21393441;30;1,0286387351539907;False;33856,0;51645,0;63,38226606805293;4,72533691535277;1963,4704735165449;4,84013036201885;1,5825411162234257;6,368120023328646;4,02398393194707;65,5552328395779;13,43631852551985
31;Minas Gerais;2025;7;2025-07;7656,0;4583,0;44028,0;29290,0;6656,0;140889,0;666303,0;140301,0;4,7;286026154,91;21393441;31;1,0637708297154247;False;33873,0;51684,0;63,45362135414733;4,729276238741137;2030,1524952977168;4,724286495042197;1,5833357522990341;6,585616591552523;4,15933044017359;65,53865799860692;13,52995010775544
31;Minas Gerais;2025;8;2025-08;7617,0;4545,0;44119,0;29335,0;6462,0;139110,0;651159,0;138505,0;4,7;298641243,11;21393441;31;1,050338636243516;False;33880,0;51736,0;61,99860989450432;4,680892818632737;2146,7992459923803;4,645244770325642;1,5836629553889905;6,502460263405032;4,105962219598584;65,48631513839493;13,41499409681228
31;Minas Gerais;2025;9;2025-09;7596,0;4526,0;44214,0;29430,0;6087,0;138486,0;641272,0;137893,0;4,7;306335909,47;21393441;30;1,045627175464162;False;33956,0;51810,0;62,95127027133153;4,630590817844403;2212,035219950031;4,395390147740566;1,5872154460799457;6,473292445100347;4,078395570738603;65,53947114456669;13,329014018141125
31;Minas Gerais;2025;10;2025-10;7550,0;4497,0;44185,0;29389,0;5929,0;139313,0;641238,0;138709,0;4,6;308326427,5;21393441;31;1,0518713710803893;False;33886,0;51735,0;61,04319416335227;4,602858311858908;2213,192074680755;4,255884231909441;1,5839434151803817;6,511949153013767;4,1112258749926225;65,49917850584711;13,270967361152097
31;Minas Gerais;2025;11;2025-11;7500,0;4486,0;44192,0;29380,0;5410,0;129691,0;595462,0;129094,0;4,6;292299501,23;21393441;30;0,9792212498961818;False;33866,0;51692,0;58,60961829957283;4,5913903046471995;2253,814846288486;4,171453686069195;1,5830085492090777;6,062185134219409;3,8295340459457865;65,51497330341252;13,246323746530445
31;Minas Gerais;2025;12;2025-12;7524,0;4496,0;44151,0;29348,0;5499,0;128003,0;597489,0;127389,0;4,7;289158704,43;21393441;31;0,9664761444545955;False;33844,0;51675,0;56,94905658219306;4,667773411560667;2258,9994330601626;4,2959930626625935;1,5819801966406433;5,9832824462413505;3,782147500295473;65,49395258829222;13,284481739747076
31;Minas Gerais;2026;1;2026-01;7465,0;4496,0;44082,0;29233,0;6185,0;131812,0;630622,0;131186,0;4,8;290879158,19;21393441;31;0,9952356862952364;False;33729,0;51547,0;60,31203166797214;4,784253330501016;2206,7729659666797;4,692289017691865;1,5766047173056452;6,161327670476199;3,9079723679919356;65,43348788484296;13,329775564054671
31;Minas Gerais;2026;2;2026-02;7421,0;4475,0;44087,0;29339,0;5487,0;128437,0;597739,0;127795,0;4,7;288731230,16;21393441;28;0,9697530258299797;False;33814,0;51508,0;63,13308519717108;4,653947071326798;2248,0377940936023;4,2721334194974965;1,5805778976836873;6,0035690378186475;3,798337966522742;65,64805467111906;13,234163364286983
31;Minas Gerais;2026;3;2026-03;7441,0;4497,0;43945,0;29389,0;5811,0;139746,0;636022,0;139157,0;4,6;316303873,88;21393441;31;1,0551407020378578;False;33886,0;51386,0;60,54665262845251;4,551271592746841;2263,4198752021525;4,158258554806578;1,5839434151803817;6,532189001292499;4,124004013456885;65,94403144825439;13,270967361152097
31;Minas Gerais;2026;4;2026-04;7701,0;4565,0;44631,0;29778,0;5683,0;134762,0;620352,0;134164,0;4,6;301249486,7;21393441;30;1,0175094191463498;False;34343,0;52332,0;60,211396791194716;4,603315474688711;2235,4186395274633;4,217064157551833;1,6053051026246783;6,299220401243541;3,9240019800250416;65,62523885958878;13,29237399178872
31;Minas Gerais;2026;5;2026-05;7715,0;4552,0;44661,0;29800,0;5545,0;133074,0;601483,0;132588,0;4,5;308224932,48;21393441;31;1,0047643137047635;False;34352,0;52376,0;56,48194404795889;4,5199137322091465;2316,191987014744;4,166854532064866;1,6057257923117652;6,220317713265482;3,873835584536563;65,587291889415;13,251047973917093
31;Minas Gerais;2026;6;2026-06;7724,0;4541,0;44564,0;29608,0;4493,0;102510,0;467707,0;102236,0;4,6;232564301,77;21393441;30;0,7739933405313985;False;34149,0;52288,0;45,653557449217644;4,562549995122427;2268,698680811628;4,382987025656034;1,5962369027030294;4,791655535918696;3,0018448563647544;65,3094400244798;13,297607543412692
32;Espírito Santo;2025;1;2025-01;2009,0;1119,0;8912,0;5959,0;922,0;25860,0;123233,0;25816,0;4,8;44944467,35;4126854;31;0,9822615565768983;False;7078,0;10921,0;56,163578193220246;4,7653905645784995;1737,9917768754835;3,565351894818252;1,7151079248260297;6,26627450353223;3,653574456061034;64,81091475139638;15,809550720542525
32;Espírito Santo;2025;2;2025-02;2009,0;1119,0;8912,0;5979,0;926,0;24986,0;116767,0;24919,0;4,7;42935409,72;4126854;28;0,9490636988642838;False;7098,0;10921,0;58,752465483234715;4,6732970463459536;1718,3786808612822;3,706075402225246;1,71995423147996;6,0544909027554645;3,52014652014652;64,99404816408753;15,76500422654269
32;Espírito Santo;2025;3;2025-03;2013,0;1123,0;8913,0;5985,0;1020,0;27148,0;134592,0;27083,0;5,0;47305485,54;4126854;31;1,0311847153112774;False;7108,0;10926,0;61,081561893005606;4,957713275379402;1742,5035192279358;3,757182849565346;1,7223773848069255;6,5783766520453595;3,819358469330332;65,05583012996522;15,799099606077661
32;Espírito Santo;2025;4;2025-04;2034,0;1123,0;8963,0;5988,0;870,0;23758,0;115284,0;23691,0;4,9;42544304,44;4126854;30;0,9024195692634938;False;7111,0;10997,0;54,04021937842779;4,852428655610741;1790,7359390521087;3,661924404411146;1,7231043308050151;5,756927674204127;3,341020953452398;64,66308993361825;15,792434256785262
32;Espírito Santo;2025;5;2025-05;2041,0;1123,0;8942,0;5974,0;1154,0;29634,0;144072,0;29569,0;4,9;51551302,68;4126854;31;1,1256124890796522;False;7097,0;10983,0;65,4851891076193;4,861712897347641;1739,599874468516;3,8941756090976583;1,7197119161472636;7,180772569128929;4,175567141045512;64,61804607120095;15,823587431309003
32;Espírito Santo;2025;6;2025-06;2041,0;1123,0;9004,0;5993,0;1121,0;28053,0;133988,0;27998,0;4,8;47757257,39;4126854;30;1,0655600714095794;False;7116,0;11045,0;62,76372493910437;4,776244964887891;1702,3939468149574;3,996007557124015;1,7243159074684977;6,797672028135717;3,9422428330522767;64,42734268899954;15,781337830241709
32;Espírito Santo;2025;7;2025-07;2041,0;1123,0;8995,0;5988,0;1113,0;27539,0;130238,0;27492,0;4,7;47794841,73;4126854;31;1,0460363884984996;False;7111,0;11036,0;59,08066103855454;4,7292203783724895;1735,5329434619991;4,041541087185446;1,7231043308050151;6,673121947129702;3,872732386443538;64,43457774555998;15,792434256785262
32;Espírito Santo;2025;8;2025-08;2041,0;1123,0;8995,0;5988,0;1167,0;27626,0;132175,0;27594,0;4,8;49992632,17;4126854;31;1,0493409807422038;False;7111,0;11036,0;59,95935420361911;4,784442192137841;1809,622535654818;4,224281473973793;1,7231043308050151;6,6942033810743;3,8849669526086346;64,43457774555998;15,792434256785262
32;Espírito Santo;2025;9;2025-09;2041,0;1123,0;9018,0;6002,0;1070,0;26794,0;127691,0;26733,0;4,8;47837414,36;4126854;30;1,0177384434231018;False;7125,0;11059,0;59,738479532163744;4,765656490259013;1785,3778592222138;3,993431365231022;1,7264967454627664;6,492597024270788;3,7605614035087718;64,42716339632878;15,761403508771929
32;Espírito Santo;2025;10;2025-10;2059,0;1123,0;8976,0;5932,0;1138,0;28119,0;129935,0;28059,0;4,6;49536337,47;4126854;31;1,0680670034565276;False;7055,0;11035,0;59,41107885050639;4,6208969024503;1761,6678214018991;4,047085600483659;1,7095346721740095;6,813664840093688;3,9856839121190646;63,93294064340734;15,917788802267896
32;Espírito Santo;2025;11;2025-11;2061,0;1123,0;9034,0;5952,0;985,0;26044,0;121766,0;25978,0;4,7;46530178,04;4126854;30;0,9892505792532381;False;7075,0;11095,0;57,36914016489988;4,675395484564583;1786,598757487329;3,7820611273229923;1,71438097882794;6,310860524748391;3,68113074204947;63,76746282109058;15,872791519434628
32;Espírito Santo;2025;12;2025-12;2057,0;1123,0;9108,0;6039,0;1038,0;25612,0;122966,0;25554,0;4,8;45599970,34;4126854;31;0,9728415694913967;False;7162,0;11165,0;55,38460152597491;4,801108855224114;1780,414272216149;4,052787755739497;1,735462412772538;6,206180301023491;3,5760960625523595;64,14688759516346;15,679977659871543
32;Espírito Santo;2026;1;2026-01;2039,0;1123,0;9113,0;6061,0;1012,0;24864,0;123026,0;24807,0;5,0;46923627,71;4126854;31;0,9444296729593193;False;7184,0;11152,0;55,24193548387096;4,947956885456885;1887,2115391731018;4,07014157014157;1,7407933500918615;6,0249284321664875;3,461024498886414;64,41893830703013;15,63195991091314
32;Espírito Santo;2026;2;2026-02;2024,0;1108,0;9019,0;5970,0;948,0;25278,0;120796,0;25223,0;4,8;46125777,76;4126854;28;0,9601549739810841;False;7078,0;11043,0;60,95143906672587;4,778700846585964;1824,7400015824037;3,7502967006883456;1,7151079248260297;6,12524697990285;3,5713478383724215;64,09490174771348;15,654139587454083
32;Espírito Santo;2026;3;2026-03;1997,0;1126,0;9029,0;5987,0;1031,0;26285,0;122478,0;26226,0;4,7;47045996,21;4126854;31;0,9984046796064876;False;7113,0;11026,0;55,5448225194215;4,659615750428001;1789,8419710861708;3,9223891953585692;1,723588961470408;6,3692585199282545;3,6953465485730352;64,51115545075277;15,830170111064248
32;Espírito Santo;2026;4;2026-04;1997,0;1126,0;9003,0;5971,0;931,0;25724,0;117611,0;25670,0;4,6;45686811,41;4126854;30;0,9770957572074296;False;7097,0;11000,0;55,239772673899765;4,572033898305085;1776,038384776862;3,619188306639714;1,7197119161472636;6,233319618285503;3,6246301254051008;64,51818181818182;15,865858813583204
32;Espírito Santo;2026;5;2026-05;2021,0;1128,0;8988,0;5969,0;944,0;26369,0;123914,0;26307,0;4,7;47485486,43;4126854;31;1,0015953203935124;False;7097,0;11009,0;56,32275336693833;4,699230156623307;1800,8072520763017;3,57996131821457;1,7197119161472636;6,389613007874763;3,7155135972946316;64,46543736942502;15,894039735099339
32;Espírito Santo;2026;6;2026-06;2021,0;1128,0;9008,0;5967,0;1067,0;26505,0;127569,0;26442,0;4,8;49314233,34;4126854;30;1,0067611197629809;False;7095,0;11029,0;59,9337561663143;4,8130164119977366;1860,563415959253;4,025655536691191;1,7192272854818706;6,422567893121491;3,7357293868921775;64,33040166832895;15,898520084566597
33;Rio de Janeiro;2025;1;2025-01;10357,0;3631,0;35315,0;20840,0;5255,0;75888,0;468935,0;75290,0;6,2;137956810,22;17223547;31;0,970769958937229;False;24471,0;45672,0;61,81576349095243;6,179303710731604;1817,9001979232553;6,924678473539954;1,4207874835537653;4,406061074411676;3,1011401250459727;53,57987388334209;14,837971476441503
33;Rio de Janeiro;2025;2;2025-02;10250,0;3624,0;34863,0;20740,0;4728,0;71708,0;424270,0;71094,0;6,0;127736526,0;17223547;28;0,9172988116101467;False;24364,0;45113,0;62,1921687736004;5,916634127294026;1781,3427511574719;6,593406593406594;1,4145750582037486;4,1633700654110335;2,9431948776883927;54,00660563473944;14,874404859628962
33;Rio de Janeiro;2025;3;2025-03;10312,0;3624,0;35139,0;20793,0;4662,0;73808,0;445158,0;73143,0;6,1;133615012,17;17223547;31;0,9441623066787765;False;24417,0;45451,0;58,8112195759961;6,031297420333839;1810,3052808638631;6,31638846737481;1,4176522408537569;4,285296170411357;3,0228119752631364;53,72159028404215;14,842118196338616
33;Rio de Janeiro;2025;4;2025-04;10242,0;3616,0;35049,0;20872,0;4712,0;73202,0;442321,0;72534,0;6,1;131780289,46;17223547;30;0,9364102695304005;False;24488,0;45291,0;60,20921812043994;6,042471517171662;1800,227991858146;6,436982596103931;1,4217745044037677;4,250111780111263;2,989300882064685;54,06813715749266;14,766416203854948
33;Rio de Janeiro;2025;5;2025-05;10366,0;3656,0;35216,0;20832,0;4934,0;78629,0;466319,0;77970,0;6,0;145544195,71;17223547;31;1,0058332160720453;False;24488,0;45582,0;61,42824398520408;5,930623561281461;1851,024376629488;6,275038471810655;1,4217745044037677;4,565203671462098;3,210919634106501;53,722960817866706;14,929761515844495
33;Rio de Janeiro;2025;6;2025-06;10334,0;3629,0;35107,0;20814,0;5501,0;78071,0;462416,0;77399,0;6,0;147094753,51;17223547;30;0,9986952016680951;False;24443,0;45441,0;63,06045357225655;5,9230187905880545;1884,1151453164425;7,046150299086729;1,4191618021537609;4,532806163562013;3,194002372867488;53,790629607623075;14,846786401014606
33;Rio de Janeiro;2025;7;2025-07;10527,0;3618,0;35219,0;20942,0;5400,0;80737,0;476115,0;80089,0;5,9;152083501,77;17223547;31;1,0327990482647462;False;24560,0;45746,0;62,53480613638752;5,897110370709836;1883,6902754623036;6,68838326913311;1,4259548280037788;4,687594256862423;3,2873371335504884;53,687754120578845;14,731270358306189
33;Rio de Janeiro;2025;8;2025-08;10591,0;3641,0;35398,0;20980,0;5135,0;79178,0;463649,0;78567,0;5,9;147608454,4;17223547;31;1,0128561012114157;False;24621,0;45989,0;60,74659581186268;5,855780646139079;1864,2609613781606;6,485387355073378;1,4294964910537882;4,5970786389121825;3,2158726290564963;53,53671530148514;14,78818894439706
33;Rio de Janeiro;2025;9;2025-09;10563,0;3642,0;35053,0;20986,0;4963,0;80403,0;465982,0;79779,0;5,8;147932096,09;17223547;30;1,0285264733347832;False;24628,0;45616,0;63,06940609604245;5,79557976692412;1839,8827915625038;6,172655249182244;1,4299029114037893;4,668202200162371;3,264698716907585;53,98982813048053;14,788046126360241
33;Rio de Janeiro;2025;10;2025-10;10452,0;3635,0;34787,0;20977,0;4719,0;81103,0;469840,0;80446,0;5,8;154809267,38;17223547;31;1,037480971690993;False;24612,0;45239,0;61,58024147675144;5,793127257931273;1908,7982858833827;5,818527058185271;1,4289739506037868;4,708844235162479;3,295262473590119;54,40438559649859;14,769218267511782
33;Rio de Janeiro;2025;11;2025-11;10503,0;3640,0;34972,0;20976,0;4606,0;77246,0;439687,0;76618,0;5,7;141759386,44;17223547;30;0,9881416857482762;False;24616,0;45475,0;59,539459430180905;5,69203583357067;1835,167988504259;5,962768298682133;1,4292061908037874;4,484906622311885;3,138040298992525;54,13084112149533;14,787130321741957
33;Rio de Janeiro;2025;12;2025-12;10538,0;3638,0;34968,0;21051,0;4583,0;76201,0;439069,0;75582,0;5,8;143981832,79;17223547;31;0,9747738989165057;False;24689,0;45506,0;57,36771893973939;5,761984750856288;1889,5005681027808;6,014356766971562;1,4334445744537987;4,424233870061725;3,086435254566811;54,25438403726981;14,735307221839685
33;Rio de Janeiro;2026;1;2026-01;10428,0;3511,0;35231,0;21035,0;4465,0;73416,0;424935,0;72939,0;5,8;137771760,09;17223547;31;0,939147787599299;False;24546,0;45659,0;55,84445793677703;5,788043478260869;1876,590390241909;6,081780538302278;1,4251419873037767;4,262536630811296;2,9909557565387437;53,75939026259883;14,3037562128249
33;Rio de Janeiro;2026;2;2026-02;10497,0;3555,0;34967,0;21025,0;4581,0;72579,0;429823,0;72018,0;6,0;138315902,1;17223547;28;0,9284407659933737;False;24580,0;45464,0;62,45248750435894;5,922140012951405;1905,7289587897326;6,311743066176166;1,4271160290037819;4,213940368961167;2,952766476810415;54,06475453105754;14,462978030919446
33;Rio de Janeiro;2026;3;2026-03;10378,0;3550,0;35139,0;21105,0;4795,0;81704,0;473652,0;81028,0;5,8;155622684,25;17223547;31;1,0451690481368248;False;24655,0;45517,0;61,97159510928228;5,79717027318124;1904,7131627582494;5,868745716244002;1,4314705327537935;4,743738325212571;3,3138917055364026;54,166575125777186;14,398702088825797
33;Rio de Janeiro;2026;4;2026-04;10231,0;3544,0;35351,0;21061,0;4807,0;78275,0;456908,0;77640,0;5,9;155054128,78;17223547;30;1,0013047983319048;False;24605,0;45582,0;61,89907200433517;5,837214947301182;1980,8895404663047;6,141168955605238;1,428567530253786;4,544650413762044;3,181263970737655;53,97964108639375;14,403576508839667
33;Rio de Janeiro;2026;5;2026-05;10157,0;3535,0;35300,0;21130,0;4740,0;80056,0;470991,0;79428,0;5,9;160577222,37;17223547;31;1,0240876005782047;False;24665,0;45457,0;61,59845150827541;5,883269211551914;2005,8112117767564;5,920855401219146;1,432051133253795;4,648055362812317;3,2457328197851205;54,26006995622237;14,33204946280154
33;Rio de Janeiro;2026;6;2026-06;10098,0;3534,0;35537,0;21318,0;4941,0;79626,0;454662,0;79044,0;5,8;161126337,52;17223547;30;1,01858698015939;False;24852,0;45635,0;60,98261709319169;5,709969105568533;2023,5392650641752;6,205259588576595;1,4429083626038237;4,623089541312251;3,2040077257363593;54,458200942259225;14,220183486238533
35;São Paulo;2025;1;2025-01;19142,0;9303,0;95298,0;54535,0;12103,0;238138,0;1235282,0;233645,0;5,3;435538388,26;46081801;31;0,9615307743710771;False;63838,0;114440,0;62,42019870862637;5,187252769402615;1828,9327543693153;5,082347210441005;1,3853191197974228;5,167723370881273;3,7303486951345595;55,78294302691367;14,572824963188069
35;São Paulo;2025;2;2025-02;19133,0;9297,0;95269,0;54901,0;11080,0;231280,0;1147323,0;226742,0;5,1;424280664,25;46081801;28;0,933840199785598;False;64198,0;114402,0;63,827255410715956;4,960753199584919;1834,4892089674854;4,7907298512625385;1,3931313144640332;5,018901062482345;3,602604442505997;56,1161518155277;14,481759556372472
35;São Paulo;2025;3;2025-03;19204,0;9298,0;95619,0;54494,0;11945,0;245830,0;1226858,0;241393,0;5,1;437127872,66;46081801;31;0,9925887941598648;False;63792,0;114823,0;62,03922829842148;4,990676483748932;1778,1713894154498;4,859048936256763;1,384320894923356;5,334643930257847;3,853618008527715;55,55681353039025;14,575495359919739
35;São Paulo;2025;4;2025-04;19428,0;9299,0;95444,0;54463,0;11588,0;244989,0;1216796,0;240430,0;5,1;444336294,74;46081801;30;0,9891930850279914;False;63762,0;114872,0;63,61134636094644;4,966737282082053;1813,6989609329398;4,7300082860863135;1,3836698787011386;5,316393775495016;3,842241460430978;55,50699909464447;14,583921457921644
35;São Paulo;2025;5;2025-05;19488,0;9349,0;95499,0;54476,0;13410,0;259055,0;1297721,0;254580,0;5,1;482005606,87;46081801;31;1,0459874306271968;False;63825,0;114987,0;65,58866861251153;5,0094420103838955;1860,6303945880218;5,176506919380055;1,3850370127677953;5,621633581552075;4,0588327457892674;55,50627462234862;14,647865256560907
35;São Paulo;2025;6;2025-06;19691,0;9442,0;95655,0;54466,0;13415,0;245365,0;1235354,0;240706,0;5,1;461691039,83;46081801;30;0,9907112617623367;False;63908,0;115346,0;64,43397801005612;5,034760458908157;1881,6499493815336;5,467364946100707;1,3868381576492637;5,324553178813476;3,8393471865807096;55,405475699200665;14,774363147023847
35;São Paulo;2025;7;2025-07;19700,0;9453,0;95675,0;54508,0;13829,0;254711,0;1293431,0;250183,0;5,2;488700325,84;46081801;31;1,0284476441006114;False;63961,0;115375,0;65,23284602361016;5,0780335360467355;1918,6463318820151;5,42929045074614;1,3879882863085147;5,5273664325749765;3,9822860805803537;55,43748645720476;14,779318647300698
35;São Paulo;2025;8;2025-08;19618,0;9447,0;95587,0;54555,0;13299,0;252961,0;1249868,0;248520,0;5,0;487146112,76;46081801;31;1,0213816619593767;False;64002,0;115205,0;62,995410425682266;4,940951371950617;1925,7755652452354;5,257332157921577;1,3888780084788788;5,489390486278954;3,9523921127464767;55,55488043053687;14,760476235117654
35;São Paulo;2025;9;2025-09;19767,0;9442,0;95612,0;54468,0;12092,0;250980,0;1240694,0;246441,0;5,0;489124420,55;46081801;30;1,0133829701754988;False;63910,0;115379,0;64,71047827674333;4,943397880309188;1948,8581582197785;4,817913777990277;1,386881558730745;5,446401715071857;3,9270849632295417;55,39136237963581;14,773900797997182
35;São Paulo;2025;10;2025-10;19830,0;9446,0;95783,0;54557,0;11997,0;256599,0;1262756,0;252173,0;5,0;492516576,71;46081801;31;1,0360708294049836;False;64003,0;115613,0;63,64399249430345;4,921125959181446;1919,401777520567;4,675388446564484;1,3888997090196193;5,5683370534932;4,009171445088511;55,3596913841869;14,758683186725621
35;São Paulo;2025;11;2025-11;19846,0;9447,0;95798,0;54619,0;11617,0;239605,0;1189417,0;235133,0;5,1;463125467,91;46081801;30;0,9674540862574723;False;64066,0;115644,0;61,88498319441409;4,964074205463158;1932,8706325410574;4,8483963189415915;1,3902668430862761;5,19955806414771;3,739971279617894;55,399328975130565;14,745730964942402
35;São Paulo;2025;12;2025-12;19790,0;9447,0;95722,0;54645,0;11595,0;230722,0;1180941,0;226234,0;5,2;443635134,02;46081801;31;0,9315871609085642;False;64092,0;115512,0;59,4377940581382;5,118458577855601;1922,812449701372;5,02552855817824;1,3908310571455313;5,006792160749099;3,5998564563440056;55,48514440058175;14,739749110653436
35;São Paulo;2026;1;2026-01;19465,0;9428,0;95753,0;54770,0;12049,0;237637,0;1205172,0;233322,0;5,2;449395540,95;46081801;31;0,9595078846266436;False;64198,0;115218,0;60,55720759062939;5,071482976135871;1891,100884752795;5,070338373233124;1,3931313144640332;5,15685139997024;3,7016262188853237;55,71872450485167;14,685815757500235
35;São Paulo;2026;2;2026-02;19399,0;9428,0;95691,0;54700,0;10779,0;230745,0;1152078,0;226428,0;5,1;439341433,22;46081801;28;0,9316800281024205;False;64128,0;115090,0;64,16174347733106;4,992862250536306;1904,012798630523;4,67139049600208;1,3916122766121923;5,007291273186133;3,598194236526946;55,7198714049874;14,70184630738523
35;São Paulo;2026;3;2026-03;19229,0;9426,0;95676,0;54688,0;11637,0;255490,0;1252434,0;251044,0;5,0;480274518,32;46081801;31;1,0315930155794812;False;64114,0;114905,0;63,01446918643907;4,902086187326314;1879,8172856863282;4,554777094993933;1,391308469041824;5,544271153811892;3,984933087937112;55,797397850398156;14,701937174408087
35;São Paulo;2026;4;2026-04;19169,0;9420,0;95790,0;54722,0;11277,0;250397,0;1225408,0;246274,0;5,0;475749201,57;46081801;30;1,0110289886964474;False;64142,0;114959,0;63,68203880972426;4,893860549447478;1899,9796386138812;4,503648206647843;1,3919160841825604;5,433750299820096;3,903791587415422;55,79554449847337;14,686165071248169
35;São Paulo;2026;5;2026-05;19200,0;9412,0;95979,0;54747,0;11851,0;257281,0;1250051,0;252963,0;4,9;496066877,27;46081801;31;1,038824543588025;False;64159,0;115179,0;62,85045871421252;4,858699243239882;1928,1131419343053;4,6062476436270074;1,3922849933751504;5,583136822278279;4,010053149207438;55,703730714800436;14,669804703938652
35;São Paulo;2026;6;2026-06;19357,0;9408,0;96688,0;54847,0;12811,0;249501,0;1237933,0;245238,0;5,0;481758922,99;46081801;30;1,0074112058401352;False;64255,0;116045,0;64,21980131247894;4,961635424306917;1930,889747896802;5,13464875892281;1,3943682452862465;5,414306615316533;3,882981869115244;55,37076134258262;14,641662127460897
41;Paraná;2025;1;2025-01;4355,0;2694,0;27358,0;19189,0;3586,0;87480,0;366197,0;86138,0;4,3;172012112,08;11890517;31;0,9358251585917693;False;21883,0;31713,0;53,981659057775;4,186065386374028;1966,3021499771378;4,099222679469594;1,8403741401656464;7,357123327774562;3,99762372618014;69,00324787941854;12,310926289814011
41;Paraná;2025;2;2025-02;4286,0;2685,0;27362,0;19196,0;3162,0;85810,0;339187,0;84508,0;4,0;168718523,67;11890517;28;0,9179601835706416;False;21881,0;31648,0;55,362284304060275;3,9527677426873327;1966,1872004428387;3,6848852115138095;1,8402059389007224;7,2166752715630444;3,9216671998537542;69,13865015166836;12,27091997623509
41;Paraná;2025;3;2025-03;4306,0;2684,0;27273,0;19164,0;3132,0;88023,0;355819,0;86717,0;4,1;176038498,14;11890517;31;0,9416339498710941;False;21848,0;31579,0;52,5358488560258;4,0423412062756325;1999,9147738659212;3,5581609352101156;1,8374306180294768;7,402789971201421;4,028881362138411;69,18521802463663;12,284877334309776
41;Paraná;2025;4;2025-04;4289,0;2683,0;27134,0;19111,0;3122,0;91035,0;353286,0;89707,0;3,9;174403025,04;11890517;30;0,973855090448122;False;21794,0;31423,0;54,03413783610168;3,8807711319822045;1915,779920250453;3,4294502114571315;1,8328891838765295;7,656101076176923;4,177067082683307;69,35684053082137;12,310727723226575
41;Paraná;2025;5;2025-05;4303,0;2709,0;27272,0;19275,0;3572,0;93298,0;367503,0;91959,0;4,0;184445778,5;11890517;31;0,998063736240225;False;21984,0;31575,0;53,925288773066626;3,939023344551866;1976,9531876353192;3,8285922527814096;1,848868304044307;7,846420807438398;4,243904657933042;69,62470308788599;12,322598253275109
41;Paraná;2025;6;2025-06;4335,0;2711,0;27297,0;19283,0;3847,0;94033,0;377040,0;92656,0;4,1;193816066,62;11890517;30;1,005926464767488;False;21994,0;31632,0;57,14285714285714;4,009656184530963;2061,149454127806;4,091116948305382;1,8497093103689268;7,908234772297958;4,275393289078839;69,53085483055133;12,326088933345458
41;Paraná;2025;7;2025-07;4330,0;2722,0;27239,0;19223,0;3921,0;95790,0;383958,0;94367,0;4,1;197283676,47;11890517;31;1,0247221301040876;False;21945,0;31569,0;56,439926796463304;4,008330723457563;2059,5435480739116;4,093329157532102;1,8455883793782895;8,055999583533668;4,3650034176349966;69,51439703506604;12,40373661426293
41;Paraná;2025;8;2025-08;4364,0;2720,0;27225,0;19158,0;3714,0;93909,0;377036,0;92542,0;4,1;188253879,58;11890517;31;1,0045999636281946;False;21878,0;31589,0;55,59215473490825;4,014908049281751;2004,6415101853925;3,9548925023160724;1,8399536370033365;7,897806293872672;4,292394185940214;69,25828611225427;12,432580674650334
41;Paraná;2025;9;2025-09;4374,0;2723,0;27327,0;19256,0;3607,0;94435,0;374212,0;93026,0;4,0;195328758,23;11890517;30;1,0102268958803582;False;21979,0;31701,0;56,75296115989505;3,962640969979351;2068,3936912161803;3,819558426430878;1,848447800881997;7,942043226547677;4,296601301242095;69,33219772246932;12,389098685108513
41;Paraná;2025;10;2025-10;4358,0;2719,0;27438,0;19290,0;3577,0;96024,0;377834,0;94622,0;4,0;197442154,37;11890517;31;1,0272253661250121;False;22009,0;31796,0;55,37822503697167;3,934787136549196;2056,1750642547695;3,7251103890693993;1,8509708198558565;8,075679131529773;4,3629424326411925;69,21939866649893;12,354036984869825
41;Paraná;2025;11;2025-11;4348,0;2724,0;27384,0;19333,0;3372,0;91831,0;366531,0;90412,0;4,1;185400198,97;11890517;30;0,9823703719551985;False;22057,0;31732,0;55,39148569615088;3,9913645718765993;2018,9282374143806;3,671962626999597;1,855007650214032;7,723045179616665;4,163349503558961;69,51027354090508;12,349820918529266
41;Paraná;2025;12;2025-12;4346,0;2725,0;27392,0;19403,0;3404,0;89605,0;369489,0;88167,0;4,2;188838931,95;11890517;31;0,9585575369869168;False;22128,0;31738,0;53,863882863340564;4,123531052954634;2107,459761732046;3,7988951509402376;1,860978795118833;7,535837171756283;4,049394432393348;69,72083937236121;12,3147143890094
41;Paraná;2026;1;2026-01;4350,0;2725,0;27416,0;19404,0;3620,0;93660,0;375393,0;92271,0;4,1;193714125,78;11890517;31;1,0019362637597748;False;22129,0;31766,0;54,72209143162017;4,008039718129404;2068,269547085202;3,8650437753576767;1,861062895751295;7,876865236389637;4,23245514935153;69,66253226720393;12,314157892358443
41;Paraná;2026;2;2026-02;4343,0;2728,0;27361,0;19414,0;3172,0;89924,0;358403,0;88527,0;4,0;190888361,59;11890517;28;0,9619700681436473;False;22142,0;31704,0;57,80917325831968;3,985621191228148;2122,774360459944;3,527423157332859;1,8621562039733008;7,562665273511657;4,061241080299882;69,8397678526369;12,320476921687291
41;Paraná;2026;3;2026-03;4347,0;2728,0;27216,0;19421,0;3164,0;94807,0;370284,0;93379,0;4,0;201210001,82;11890517;31;1,0142063992982382;False;22149,0;31563,0;53,92859795607171;3,9056609744006243;2122,311662851899;3,3373063170441;1,8627449084005347;7,973328661823536;4,280418980540882;70,17393783860851;12,316583141451082
41;Paraná;2026;4;2026-04;4339,0;2720,0;27135,0;19319,0;3014,0;85479,0;340667,0;84114,0;4,1;178987309,39;11890517;30;0,914419281335915;False;22039,0;31474,0;51,52487257437572;3,985388224008236;2093,9331226383088;3,526012236923689;1,8534938388297162;7,188837962218128;3,8785335087798902;70,02287602465526;12,341757793003312
41;Paraná;2026;5;2026-05;4340,0;2721,0;27123,0;19304,0;3579,0;99565,0;385254,0;98139,0;3,9;210616961,76;11890517;31;1,0651055317237026;False;22025,0;31463,0;56,42473728534291;3,8693717671872645;2115,3714835534574;3,5946366695123784;1,8523164299752484;8,373479471077667;4,520544835414302;70,00286050281282;12,354143019296254
41;Paraná;2026;6;2026-06;4351,0;2721,0;27238,0;19445,0;3339,0;94059,0;366825,0;92649,0;4,0;204830453,56;11890517;30;1,006204602103146;False;22166,0;31589,0;55,163313182351345;3,8999457787133607;2177,6805362591567;3,5498995311453454;1,8641746191523885;7,91042138874197;4,243390778670035;70,16999588464338;12,275557159613824
42;Santa Catarina;2025;1;2025-01;2485,0;1712,0;16107,0;11572,0;2142,0;53631,0;224756,0;53466,0;4,2;119781839,18;8187029;31;0,9152282055001408;False;13284,0;18592,0;54,578391662052816;4,190785180212936;2233,444074882065;3,993958717905689;1,6225666233746088;6,550727986916866;4,037262872628726;71,45008605851979;12,88768443239988
42;Santa Catarina;2025;2;2025-02;2485,0;1700,0;16126,0;11559,0;1985,0;53444,0;212451,0;53253,0;4,0;114631209,6;8187029;28;0,9120369975340665;False;13259,0;18611,0;57,22555030006572;3,9752076940348777;2144,884544570017;3,714168101190031;1,6195130125959;6,527886978292125;4,03077155139905;71,24281338993069;12,821479749604043
42;Santa Catarina;2025;3;2025-03;2495,0;1700,0;16113,0;11545,0;1932,0;55021,0;224117,0;54851,0;4,1;119762699,67;8187029;31;0,9389489492051845;False;13245,0;18608,0;54,58347032964357;4,073299285727268;2176,672537213064;3,5113865614947017;1,6178029905598232;6,720508746213064;4,154095885239713;71,17906276870163;12,83503208758022
42;Santa Catarina;2025;4;2025-04;2495,0;1700,0;16123,0;11573,0;1899,0;55685,0;220334,0;55503,0;4,0;120294902,48;8187029;30;0,9502802972772341;False;13273,0;18618,0;55,33388583339611;3,956792673071743;2160,274804345874;3,4102541079285267;1,621223034631977;6,801612648495565;4,195358999472614;71,29122354710495;12,807956000904092
42;Santa Catarina;2025;5;2025-05;2528,0;1780,0;16142,0;11602,0;2201,0;60523,0;245691,0;60351,0;4,1;132094587,59;8187029;31;1,0328421375973789;False;13382,0;18670,0;59,22519899142324;4,059464996778084;2182,55188259009;3,6366340069064655;1,6345367776271464;7,392547406391256;4,522717082648334;71,67648634172468;13,301449708563743
42;Santa Catarina;2025;6;2025-06;2547,0;1786,0;16157,0;11629,0;2385,0;57434,0;237447,0;57239,0;4,1;128173835,01;8187029;30;0,9801274776658105;False;13415,0;18704,0;59,000372717107716;4,134258453181043;2231,671745133545;4,152592541003586;1,6385675438550418;7,01524325857402;4,281326872903466;71,722626176219;13,313455087588522
42;Santa Catarina;2025;7;2025-07;2556,0;1796,0;16197,0;11649,0;2622,0;60325,0;252725,0;60154,0;4,2;137286242,86;8187029;31;1,0294632115156532;False;13445,0;18753,0;60,635324320109405;4,189390799834231;2275,776922668877;4,346456692913385;1,6422318767894921;7,368362809023884;4,486798066195612;71,69519543539701;13,358125697285237
42;Santa Catarina;2025;8;2025-08;2542,0;1794,0;16259,0;11719,0;2441,0;60269,0;245695,0;60088,0;4,1;138001946,67;8187029;31;1,028507555654155;False;13513,0;18801,0;58,65200296966123;4,076639731868788;2289,7666573196834;4,050175048532413;1,6505376981075797;7,361522720879576;4,460075482868349;71,87383649805862;13,276104491970694
42;Santa Catarina;2025;9;2025-09;2552,0;1784,0;16318,0;11734,0;2247,0;59352,0;237780,0;59165,0;4,0;133234958,79;8187029;30;1,0128586909221227;False;13518,0;18870,0;58,6329338659565;4,006267691063486;2244,8267756773153;3,7858875859280223;1,6511484202633213;7,249516277516545;4,390590324012428;71,637519872814;13,197218523450212
42;Santa Catarina;2025;10;2025-10;2536,0;1759,0;16264,0;11743,0;2208,0;61453,0;246102,0;61283,0;4,0;138824866,75;8187029;31;1,0487128510115447;False;13502,0;18800,0;58,79702409678853;4,004719053585667;2259,0413283322214;3,5929897645354987;1,6491941093649478;7,506141727359216;4,551399792623315;71,81914893617021;13,02769960005925
42;Santa Catarina;2025;11;2025-11;2519,0;1742,0;16289,0;11787,0;2157,0;58629,0;233108,0;58436,0;4,0;128894529,53;8187029;30;1,0005204911388517;False;13529,0;18808,0;57,43415379308645;3,975984581009398;2198,4773666615497;3,6790666734892286;1,6524920090059532;7,161205853796291;4,33357971764358;71,93215652913653;12,87604405351467
42;Santa Catarina;2025;12;2025-12;2527,0;1731,0;16486,0;11822,0;2127,0;55204,0;229151,0;55009,0;4,2;125366973,4;8187029;31;0,9420718960382944;False;13553,0;19013,0;54,54119192751039;4,150985435837983;2270,9762589667416;3,852981667995073;1,6554234753535133;6,742861177113212;4,073194126761603;71,28280650081523;12,772079982291743
42;Santa Catarina;2026;1;2026-01;2458,0;1705,0;16441,0;11761,0;2216,0;56937,0;233059,0;56756,0;4,1;130215849,26;8187029;31;0,9716460318950144;False;13466,0;18899,0;55,82973606167025;4,0932785359256725;2287,016338409119;3,892021005672937;1,6447969098436075;6,954537476293292;4,2282043665527995;71,2524472194296;12,66151789692559
42;Santa Catarina;2026;2;2026-02;2468,0;1705,0;16476,0;11787,0;2003,0;53982,0;217864,0;53796,0;4,0;123436175,75;8187029;28;0,9212181199177454;False;13492,0;18944,0;57,670153741899966;4,035863806454003;2286,6173122522323;3,7104960912896887;1,6479726650534643;6,593600682249934;4,001037651941892;71,2204391891892;12,637118292321375
42;Santa Catarina;2026;3;2026-03;2479,0;1708,0;16487,0;11770,0;2071,0;58770,0;241228,0;58579,0;4,1;133146335,24;8187029;31;1,002926696075838;False;13478,0;18966,0;57,735186133675434;4,104611196188531;2265,5493489875785;3,523906755147184;1,6462626430173875;7,178428218588208;4,360439234307761;71,06400927976378;12,672503338774298
42;Santa Catarina;2026;4;2026-04;2484,0;1713,0;16496,0;11778,0;2134,0;58568,0;233279,0;58378,0;4,0;130715341,52;8187029;30;0,9994795088611483;False;13491,0;18980,0;57,63817853877894;3,983045348996039;2231,8559882529707;3,6436279196831034;1,647850520622316;7,1537550434962425;4,34126454673486;71,08008429926238;12,6973537914165
42;Santa Catarina;2026;5;2026-05;2485,0;1715,0;16476,0;11782,0;2077,0;58868,0;236133,0;58680,0;4,0;135410263,42;8187029;31;1,00459909383346;False;13497,0;18961,0;56,43619729115431;4,011228511245498;2300,2355001019228;3,528232656111979;1,6485833872092062;7,190398372840746;4,3615618285544935;71,18295448552291;12,706527376454027
42;Santa Catarina;2026;6;2026-06;2496,0;1716,0;16581,0;11811,0;2156,0;59237,0;241733,0;59061,0;4,1;138785313,92;8187029;30;1,0108961833494032;False;13527,0;19077,0;59,568024444937286;4,0807772169421135;2342,8822175329606;3,639617131184901;1,6522477201436565;7,235469667934485;4,379167590744437;70,90737537348639;12,685739631847417
43;Rio Grande do Sul;2025;1;2025-01;3989,0;2717,0;29811,0;20119,0;3454,0;66998,0;394801,0;66620,0;5,9;125844311,47;11233263;31;0,9098600539142125;False;22836,0;33800,0;55,769469824103425;5,892728141138542;1878,3293750559717;5,155377772470819;2,0328910664692885;5,964250992788115;2,9338763356104396;67,56213017751479;11,897880539499036
43;Rio Grande do Sul;2025;2;2025-02;3937,0;2695,0;29920,0;20262,0;3325,0;66262,0;389030,0;65833,0;5,9;126541689,89;11233263;28;0,89986487495841;False;22957,0;33857,0;60,52153404812724;5,87108750113187;1909,717332558631;5,017959011197972;2,0436626472646457;5,898731294727097;2,8863527464389946;67,8057713323685;11,739338763775754
43;Rio Grande do Sul;2025;3;2025-03;3886,0;2655,0;29940,0;20185,0;3421,0;68915,0;395585,0;68489,0;5,8;126768377,82;11233263;31;0,935893692580345;False;22840,0;33826,0;55,87043104909327;5,740187187114562;1839,4889040121889;4,964086193136472;2,0332471517848374;6,134904880264977;3,017294220665499;67,52202447821203;11,624343257443083
43;Rio Grande do Sul;2025;4;2025-04;3874,0;2643,0;29888,0;20107,0;3640,0;70578,0;410953,0;70071,0;5,9;134140304,2;11233263;30;0,9584779080742305;False;22750,0;33762,0;60,21289377289377;5,822678455042648;1900,5965626682537;5,157414491767973;2,025235232184985;6,282947350204477;3,10232967032967;67,38344884781708;11,617582417582417
43;Rio Grande do Sul;2025;5;2025-05;4028,0;2800,0;29833,0;20028,0;3836,0;73411,0;434133,0;72951,0;6,0;142196181,97;11233263;31;0,9969511988103564;False;22828,0;33861,0;61,346987570442636;5,913732274454782;1936,9873992998325;5,225374943809511;2,0321788958381903;6,535144774942062;3,2158314350797266;67,41679217979386;12,265638689328895
43;Rio Grande do Sul;2025;6;2025-06;4285,0;3009,0;29748,0;20005,0;4124,0;71678,0;416229,0;71256,0;5,8;135806933,15;11233263;30;0,9734163548831746;False;23014,0;34033,0;60,28634744068828;5,806928206702196;1894,6808386115686;5,753508747453891;2,0487368630112193;6,380870811980454;3,114538976275311;67,62260159257193;13,07465021291388
43;Rio Grande do Sul;2025;7;2025-07;4413,0;3086,0;29709,0;20008,0;4398,0;75146,0;436125,0;74650,0;5,8;143674438,93;11233263;31;1,0205132035499183;False;23094,0;34122,0;60,918629891299794;5,803702126527027;1911,9372811593432;5,852606925185638;2,0558585693221993;6,689596780561445;3,25391876677925;67,68067522419553;13,362778210790683
43;Rio Grande do Sul;2025;8;2025-08;4424,0;3086,0;29678,0;19992,0;4137,0;74367,0;431480,0;73904,0;5,8;146348123,47;11233263;31;1,0099340671279478;False;23078,0;34102,0;60,311594061094354;5,802035849234203;1967,9175369451505;5,562951309048368;2,0544342280600034;6,620249165358275;3,222419620417714;67,67345023752273;13,372042638010226
43;Rio Grande do Sul;2025;9;2025-09;4365,0;3022,0;29808,0;20115,0;4054,0;75647,0;436364,0;75163,0;5,8;152181485,66;11233263;30;1,0273169870510828;False;23137,0;34173,0;62,86669259915575;5,768424392242918;2011,731934643806;5,359102145491559;2,059686486464351;6,734196466333958;3,269525003241561;67,70549849296228;13,06133033669015
43;Rio Grande do Sul;2025;10;2025-10;4278,0;2964,0;29824,0;20205,0;3634,0;75963,0;430048,0;75458,0;5,7;152177778,67;11233263;31;1,0316083954071067;False;23169,0;34102,0;59,87533397657325;5,661282466463937;2003,3144908705551;4,7839079551887105;2,0625351689887435;6,76232720626233;3,2786481937071086;67,94029675678846;12,79295610514049
43;Rio Grande do Sul;2025;11;2025-11;4213,0;2870,0;29900,0;20285,0;3466,0;73860,0;409034,0;73453,0;5,6;152309689,37;11233263;30;1,0030488011896437;False;23155,0;34113,0;58,8834664939178;5,537963715136745;2062,1403922285403;4,692661792580558;2,0612888703843217;6,575115351612438;3,189807816886202;67,8773488113036;12,394731159576764
43;Rio Grande do Sul;2025;12;2025-12;4063,0;2733,0;30007,0;20350,0;3442,0;70963,0;397599,0;70503,0;5,6;150118270,47;11233263;31;0,9637063644573609;False;23083,0;34070,0;55,563723058304326;5,602905739610783;2115,4442522159434;4,850415005002607;2,05487933470444;6,317220561826069;3,074253779837976;67,75168770179043;11,839882164363384
43;Rio Grande do Sul;2026;1;2026-01;4083,0;2726,0;30054,0;20346,0;3508,0;70041,0;399216,0;69652,0;5,7;142492287,86;11233263;31;0,9511852299502278;False;23072,0;34137,0;55,81629457294975;5,699747290872489;2034,4125278051429;5,008495024342885;2,05390010008668;6,235142896592023;3,035757628294036;67,58648973254826;11,815187239944521
43;Rio Grande do Sul;2026;2;2026-02;4104,0;2726,0;29891,0;20345,0;3255,0;68243,0;383276,0;67798,0;5,7;142511330,43;11233263;28;0,9267676596206993;False;23071,0;33995,0;59,33175229261225;5,616341602801753;2088,2922853626014;4,769719971279105;2,053811078757793;6,075082547252744;2,9579558753413377;67,86586262685688;11,815699362836462
43;Rio Grande do Sul;2026;3;2026-03;4272,0;2954,0;29750,0;20252,0;3337,0;73983,0;418595,0;73467,0;5,7;155196988,11;11233263;31;1,0047191911510074;False;23206,0;34022,0;58,18781572062842;5,657988997472392;2097,7385089817935;4,5104956544070935;2,0658289581575717;6,58606497506557;3,1880979057140393;68,20880606666276;12,729466517280013
43;Rio Grande do Sul;2026;4;2026-04;4561,0;3125,0;29721,0;20100,0;3575,0;75138,0;417244,0;74654,0;5,6;157758579,01;11233263;30;1,0204045603003986;False;23225,0;34282,0;59,884320057409404;5,553035747557827;2099,5844846815194;4,757912108387234;2,0675203634064294;6,688884609930347;3,2352206673842843;67,74692258327985;13,455328310010763
43;Rio Grande do Sul;2026;5;2026-05;4779,0;3345,0;29629,0;20025,0;3729,0;74689,0;411881,0;74216,0;5,5;160051390,61;11233263;31;1,0143069579211115;False;23370,0;34408,0;56,8527337225834;5,51461393243985;2142,9044519273257;4,9927030754194055;2,080428456095081;6,64891403325997;3,1959349593495934;67,92025110439432;14,313222079589217
43;Rio Grande do Sul;2026;6;2026-06;4745,0;3355,0;29619,0;20022,0;3975,0;76035,0;428024,0;75588,0;5,7;166452553,45;11233263;30;1,032586184652783;False;23377,0;34364,0;61,032068557413986;5,629302294995726;2189,157012560005;5,227855592819097;2,081051605397292;6,768736741942211;3,252555931043333;68,02758700966127;14,351713222398082
50;Mato Grosso do Sul;2025;1;2025-01;959,0;583,0;5843,0;3974,0;796,0;18666,0;87062,0;18541,0;4,7;30469728,41;2924631;31;1,0596049046321525;False;4557,0;6802,0;61,62939681595844;4,664202292939033;1632,365177863495;4,264438015643416;1,5581452839691572;6,38234361873344;4,096115865701119;66,99500147015584;12,793504498573624
50;Mato Grosso do Sul;2025;2;2025-02;959,0;583,0;5843,0;3976,0;655,0;16939,0;73775,0;16793,0;4,4;26700192,71;2924631;28;0,9615690281562216;False;4559,0;6802,0;57,79384576818225;4,3553338449731385;1576,2555469626307;3,8668162229175276;1,5588291309228413;5,791841774227245;3,71550778679535;67,0244045868862;12,78789208159684
50;Mato Grosso do Sul;2025;3;2025-03;975,0;583,0;5845,0;3976,0;691,0;17766,0;80044,0;17628,0;4,5;26225107,96;2924631;31;1,0085149863760219;False;4559,0;6820,0;56,63664216119834;4,505459867161995;1476,1402656760104;3,889451761792187;1,5588291309228413;6,074612489575609;3,8969072164948453;66,8475073313783;12,78789208159684
50;Mato Grosso do Sul;2025;4;2025-04;977,0;583,0;5894,0;3992,0;761,0;18774,0;85682,0;18639,0;4,6;27942484,03;2924631;30;1,0657356948228882;False;4575,0;6871,0;62,42768670309654;4,5638649195696175;1488,3607132204113;4,05347821455204;1,5642999065523138;6,4192713542323805;4,1036065573770495;66,58419444040169;12,743169398907103
50;Mato Grosso do Sul;2025;5;2025-05;1003,0;586,0;5917,0;4040,0;777,0;18744,0;86090,0;18621,0;4,6;30018066,64;2924631;31;1,064032697547684;False;4626,0;6920,0;60,03235568944116;4,592936406316688;1601,4760264618012;4,145326504481434;1,5817380038712576;6,409013649927119;4,051880674448768;66,84971098265896;12,667531344574146
50;Mato Grosso do Sul;2025;6;2025-06;998,0;586,0;5920,0;4051,0;771,0;17680,0;82732,0;17540,0;4,7;28438287,97;2924631;30;1,0036330608537694;False;4637,0;6918,0;59,472360002875426;4,679411764705883;1608,5004507918552;4,360859728506787;1,58549916211652;6,045207070567193;3,8128100064697;67,02804278693264;12,637481130040976
50;Mato Grosso do Sul;2025;7;2025-07;1003,0;586,0;5902,0;4001,0;760,0;18272,0;84847,0;18135,0;4,7;28085221,27;2924631;31;1,0372388737511353;False;4587,0;6905,0;59,66862873337694;4,6435529772329245;1537,0633357049037;4,159369527145359;1,5684029882744184;6,247625768857678;3,983431436668847;66,43012309920347;12,775234357968172
50;Mato Grosso do Sul;2025;8;2025-08;1003,0;586,0;5889,0;4004,0;816,0;18088,0;83449,0;17969,0;4,6;29204770,02;2924631;31;1,0267938237965486;False;4590,0;6892,0;58,64712910253708;4,613500663423264;1614,5936543564794;4,511278195488721;1,5694287587049445;6,184711849118743;3,9407407407407407;66,59895531050493;12,766884531590414
50;Mato Grosso do Sul;2025;9;2025-09;1019,0;586,0;5912,0;3985,0;753,0;18389,0;83210,0;18261,0;4,6;30582264,84;2924631;30;1,0438805631244323;False;4571,0;6931,0;60,67964705024429;4,5249877644243846;1663,07383979553;4,094839306106912;1,5629322126449456;6,287630815648197;4,022970903522205;65,95007935362862;12,81995187048786
50;Mato Grosso do Sul;2025;10;2025-10;1012,0;586,0;5929,0;4031,0;768,0;17417,0;78631,0;17287,0;4,5;26955579,7;2924631;31;0,9887034514078111;False;4617,0;6941,0;54,93792226484171;4,5146121605328124;1547,6591663317447;4,409484985933283;1,5786606925796793;5,955281196157737;3,772363006281135;66,51779282524132;12,692224388130821
50;Mato Grosso do Sul;2025;11;2025-11;1021,0;585,0;5932,0;4034,0;705,0;16642,0;75976,0;16509,0;4,6;27462027,14;2924631;30;0,9447093551316984;False;4619,0;6953,0;54,82860648047918;4,565316668669631;1650,163870928975;4,236269679125105;1,5793445395333634;5,69029050160516;3,6029443602511364;66,43175607651374;12,66507902143321
50;Mato Grosso do Sul;2025;12;2025-12;1059,0;585,0;5931,0;4033,0;619,0;16193,0;76778,0;16041,0;4,8;28089370,93;2924631;31;0,9192211625794732;False;4618,0;6990,0;53,63165174143254;4,741431482739455;1734,66133082196;3,822639412091645;1,5790026160565214;5,536766860503086;3,5064963187527067;66,06580829756795;12,667821567778258
50;Mato Grosso do Sul;2026;1;2026-01;1049,0;585,0;5958,0;4040,0;751,0;17584,0;82621,0;17443,0;4,7;28525207,28;2924631;31;0,9981834695731153;False;4625,0;7007,0;57,6258064516129;4,698646496815287;1622,2251637852594;4,270928116469517;1,5813960803944156;6,0123824167903575;3,801945945945946;66,0054231482803;12,64864864864865
50;Mato Grosso do Sul;2026;2;2026-02;1049,0;584,0;5948,0;4042,0;708,0;16834,0;81158,0;16691,0;4,9;29025231,1;2924631;28;0,9556085376930064;False;4626,0;6997,0;62,656722870730654;4,821076393014138;1724,2028691932994;4,205774028751336;1,5817380038712576;5,755939809158831;3,6389969736273238;66,11404887809061;12,624297449200172
50;Mato Grosso do Sul;2026;3;2026-03;1050,0;585,0;5952,0;4039,0;693,0;17133,0;79927,0;16986,0;4,7;27066827,73;2924631;31;0,9725817438692098;False;4624,0;7002,0;55,75887375823194;4,665090760520632;1579,806673087025;4,044825774820522;1,5810541569175736;5,858174928734599;3,7052335640138407;66,03827477863467;12,651384083044984
50;Mato Grosso do Sul;2026;4;2026-04;1047,0;603,0;5964,0;4058,0;709,0;17648,0;83145,0;17492,0;4,8;27576827,76;2924631;30;1,0018165304268847;False;4661,0;7011,0;59,46148895086891;4,711298730734361;1562,6035675430644;4,017452402538532;1,593705325560729;6,034265519308248;3,7863119502252736;66,48124375980602;12,937137953228921
50;Mato Grosso do Sul;2026;5;2026-05;1017,0;603,0;5843,0;4044,0;720,0;17469,0;82743,0;17312,0;4,8;30135906,57;2924631;31;0,9916553133514986;False;4647,0;6860,0;57,43768091796997;4,736561909668556;1725,1077090846643;4,121586810922205;1,5889183968849405;5,973061216953524;3,7591994835377665;67,74052478134111;12,976113621691413
50;Mato Grosso do Sul;2026;6;2026-06;1017,0;603,0;5784,0;4045,0;667,0;16782,0;77990,0;16618,0;4,7;28815021,6;2924631;30;0,9526566757493188;False;4648,0;6801,0;55,93086632243259;4,647241091645811;1717,0195209152664;3,974496484328447;1,5892603203617826;5,738159788363045;3,6105851979345953;68,3428907513601;12,973321858864029
51;Mato Grosso;2025;1;2025-01;1513,0;727,0;7877,0;6043,0;759,0;20559,0;99683,0;20475,0;4,9;27677916,63;3893659;31;0,927313321756388;False;6770,0;9390,0;47,49749845142231;4,848630769979085;1346,2676506639427;3,6918138041733553;1,7387244234793031;5,2801234006367785;3,0367799113737077;72,09797657082002;10,738552437223042
51;Mato Grosso;2025;2;2025-02;1499,0;704,0;7902,0;6018,0;637,0;20655,0;92225,0;20487,0;4,5;26312066,01;3893659;28;0,9316434000135315;False;6722,0;9401,0;48,99955370425468;4,465020576131687;1273,883612200436;3,08399903171145;1,7263966875373524;5,30477887252068;3,072746206486165;71,50303159238379;10,473073490032728
51;Mato Grosso;2025;3;2025-03;1554,0;700,0;7967,0;6018,0;816,0;23311,0;108498,0;23144,0;4,7;30051322,93;3893659;31;1,0514422317945018;False;6718,0;9521,0;52,09787859289919;4,654369181931277;1289,1477384067607;3,5004933293295006;1,7253693762088564;5,986913594641955;3,46993152724025;70,55981514546791;10,419767788032154
51;Mato Grosso;2025;4;2025-04;1658,0;721,0;7914,0;5994,0;659,0;21906,0;100312,0;21747,0;4,6;28452069,58;3893659;30;0,9880697323019327;False;6715,0;9572,0;49,794986348969964;4,579202045101798;1298,8254167807906;3,008308226056788;1,7245988927124845;5,626070490507772;3,2622486969471334;70,1525282072712;10,73715562174237
51;Mato Grosso;2025;5;2025-05;1604,0;720,0;7850,0;6003,0;774,0;22988,0;99702,0;22905,0;4,4;29327509,89;3893659;31;1,0368733226584876;False;6723,0;9454,0;47,83866649393272;4,337132416913172;1275,7747472594397;3,3669740734296156;1,7266535153694764;5,903958204865911;3,419306857057861;71,112756505183;10,7095046854083
51;Mato Grosso;2025;6;2025-06;1622,0;718,0;7822,0;5997,0;781,0;23314,0;106483,0;23143,0;4,6;30877786,55;3893659;30;1,0515775467400374;False;6715,0;9444,0;52,85827748821047;4,567341511538132;1324,4310950501845;3,349918503903234;1,7245988927124845;5,987684078138327;3,47192851824274;71,10334603981364;10,692479523454953
51;Mato Grosso;2025;7;2025-07;1615,0;737,0;7935,0;6130,0;773,0;21914,0;96619,0;21734,0;4,4;26600972,41;3893659;31;0,9884305721566947;False;6867,0;9550,0;45,387242398192384;4,409007940129597;1213,880277904536;3,5274253901615404;1,7636367231953285;5,628125113164764;3,1912043104703653;71,90575916230367;10,73248871414009
51;Mato Grosso;2025;8;2025-08;1626,0;737,0;8005,0;6178,0;679,0;23376,0;103512,0;23204,0;4,5;32708055,62;3893659;31;1,0543740556144425;False;6915,0;9631,0;48,28773353859072;4,4281314168377826;1399,2152472621492;2,9046885694729636;1,7759644591372794;6,003607403730014;3,3804772234273317;71,79939777800851;10,657989877078816
51;Mato Grosso;2025;9;2025-09;1648,0;737,0;7899,0;6119,0;680,0;22979,0;101576,0;22801,0;4,5;32728369,2;3893659;30;1,0364673778218805;False;6856,0;9547,0;49,3854531310774;4,420383828713173;1424,2729970842943;2,959223638974716;1,7608116170419648;5,901646754376795;3,3516627771295218;71,81313501623546;10,749708284714119
51;Mato Grosso;2025;10;2025-10;1660,0;737,0;7931,0;6106,0;636,0;22427,0;96283,0;22241,0;4,3;28675719,74;3893659;31;1,0115694278433054;False;6843,0;9591,0;45,38803486491965;4,293173407053997;1278,624860213136;2,8358674811611007;1,7574728552243533;5,759877791044362;3,2773637293584685;71,34813888020018;10,770130059915243
51;Mato Grosso;2025;11;2025-11;1667,0;745,0;7851,0;6032,0;683,0;21284,0;92470,0;21127,0;4,4;29131857,99;3893659;30;0,9600144335941905;False;6777,0;9518,0;45,48226845703605;4,344578086825785;1368,7210106183047;3,2089832738207105;1,7405222183041709;5,4663235789266595;3,140622694407555;71,20193317923935;10,993064777925337
51;Mato Grosso;2025;12;2025-12;1649,0;753,0;7811,0;6089,0;593,0;20652,0;90798,0;20484,0;4,4;27442563,92;3893659;31;0,9315080850679958;False;6842,0;9460,0;42,8086486690366;4,3965717606043;1328,8090218865002;2,8713926012008524;1,7572160273922293;5,304008389024308;3,0184156679333527;72,32558139534883;11,005553931598948
51;Mato Grosso;2026;1;2026-01;1676,0;755,0;7904,0;6108,0;647,0;21329,0;93827,0;21238,0;4,4;28971406,08;3893659;31;0,9620441577772265;False;6863,0;9580,0;44,101375773784625;4,399034178817573;1358,310566833888;3,0334286651976186;1,7626094118668327;5,4778808313722385;3,1078245665161006;71,63883089770356;11,001019962115693
51;Mato Grosso;2026;2;2026-02;1676,0;756,0;7869,0;6118,0;618,0;20677,0;90265,0;20512,0;4,4;27030813,0;3893659;28;0,9326357096141269;False;6874,0;9545,0;46,897730578993304;4,365478551047057;1307,288920056101;2,98882816656188;1,7654345180201965;5,310429084827407;3,0080011638056443;72,01676270298586;10,9979633401222
51;Mato Grosso;2026;3;2026-03;1672,0;750,0;7871,0;6158,0;688,0;23127,0;96150,0;22955,0;4,2;30065176,49;3893659;31;1,0431429151349767;False;6908,0;9543,0;44,898854997478374;4,157478272149436;1300,0033073896311;2,9748778484023;1,7741666643124114;5,939657273531144;3,3478575564562827;72,38813790212721;10,856977417486972
51;Mato Grosso;2026;4;2026-04;1692,0;754,0;7806,0;6099,0;675,0;22925,0;98362,0;22749,0;4,3;29659703,11;3893659;30;1,0340317088022373;False;6853,0;9498,0;47,84376672017122;4,290599781897492;1293,7711280261722;2,9443838604143946;1,760041133545593;5,887778051442101;3,345250255362615;72,15203200673827;11,002480665402013
51;Mato Grosso;2026;5;2026-05;1668,0;751,0;7787,0;6118,0;700,0;22908,0;99895,0;22742,0;4,4;32496129,9;3893659;31;1,033264924110868;False;6869,0;9455,0;46,91249606694875;4,360703684302427;1418,5494106862232;3,0557010651300858;1,7641503788595765;5,883411978295993;3,334983258116174;72,64939185616076;10,933178046294948
51;Mato Grosso;2026;6;2026-06;1715,0;761,0;7838,0;6120,0;627,0;20541,0;94437,0;20371,0;4,6;30359680,42;3893659;30;0,9265014320831736;False;6881,0;9553,0;45,74771108850458;4,597487950927413;1478,0040124628792;3,0524317219220096;1,7672323128450642;5,2755004996585475;2,985176573172504;72,02972888097979;11,05943903502398
52;Goiás;2025;1;2025-01;2608,0;1358,0;18296,0;12062,0;1398,0;38096,0;172529,0;37254,0;4,6;57912936,5;7423629;31;0,9775097825389698;False;13420,0;20904,0;41,47132349406279;4,528795674086518;1520,184179441411;3,6696766064678705;1,8077412004290625;5,131721965092813;2,838748137108793;64,1982395713739;10,119225037257824
52;Goiás;2025;2;2025-02;2588,0;1349,0;18200,0;12046,0;1246,0;37257,0;165399,0;36383,0;4,5;57245928,34;7423629;28;0,9559817820257874;False;13395,0;20788,0;44,09934410494321;4,439407359690796;1536,5147043508603;3,344337976756046;1,804373575241974;5,018704463814126;2,781410974244121;64,43621319992303;10,070921985815604
52;Goiás;2025;3;2025-03;2598,0;1349,0;18229,0;12064,0;1407,0;40264,0;180858,0;39387,0;4,6;61671564,34;7423629;31;1,0331387516838797;False;13413,0;20827,0;43,496078671871054;4,491804092986291;1531,6800203655873;3,494436717663421;1,8067982653766776;5,423762421317122;3,001863863416089;64,40197820137323;10,057406993215537
52;Goiás;2025;4;2025-04;2618,0;1349,0;18269,0;12096,0;1212,0;39032,0;169134,0;38160,0;4,4;60865282,3;7423629;30;1,001526717557252;False;13445,0;20887,0;41,932316846411304;4,3332137733142035;1559,368782025005;3,105144496823119;1,8111088256161507;5,2578058520974045;2,9030866493120118;64,37018241011155;10,03346969133507
52;Goiás;2025;5;2025-05;2635,0;1355,0;18356,0;12185,0;1506,0;41650,0;188415,0;40773,0;4,6;61629635,36;7423629;31;1,0687022900763359;False;13540,0;20991,0;44,88850240625149;4,523769507803121;1479,7031298919567;3,615846338535414;1,8239058013270868;5,610463561689303;3,0760709010339733;64,50383497689486;10,00738552437223
52;Goiás;2025;6;2025-06;2669,0;1355,0;18326,0;12174,0;1447,0;39558,0;175406,0;38678,0;4,5;61096044,3;7423629;30;1,015023413945731;False;13529,0;20995,0;43,217286323206935;4,434147327974114;1544,4674730775064;3,6579200161787755;1,8224240462447678;5,328660686033745;2,923941163426713;64,43915217909026;10,01552221154557
52;Goiás;2025;7;2025-07;2768,0;1425,0;18276,0;12150,0;1547,0;39900,0;182299,0;39027,0;4,7;66099119,37;7423629;31;1,0237988325101033;False;13575,0;21044,0;43,31943206796174;4,568897243107769;1656,6195330827068;3,8771929824561404;1,8286204765890106;5,374729798593114;2,9392265193370166;64,50769815624406;10,497237569060774
52;Goiás;2025;8;2025-08;2779,0;1439,0;18321,0;12210,0;1449,0;39311,0;178269,0;38429,0;4,6;64245109,83;7423629;31;1,0086856116492398;False;13649,0;21100,0;42,132118860178814;4,534837577268449;1634,2781875302078;3,6859911983923075;1,8385886471427924;5,2953885491853105;2,8801377390285;64,68720379146919;10,542896915524945
52;Goiás;2025;9;2025-09;2787,0;1439,0;18324,0;12201,0;1344,0;38424,0;172683,0;37521,0;4,6;62655506,34;7423629;30;0,9859259734428122;False;13640,0;21111,0;42,200146627565985;4,494144284821986;1630,63466427233;3,497813866333541;1,8373763020754406;5,175905207547414;2,817008797653959;64,61086637298091;10,549853372434018
52;Goiás;2025;10;2025-10;2787,0;1425,0;18178,0;12075,0;1394,0;38977,0;172477,0;38084,0;4,5;65767907,81;7423629;31;1,0001154660337417;False;13500,0;20965,0;41,2131421744325;4,425096851989635;1687,3517153706032;3,576468173538241;1,8185176010277453;5,250397076685809;2,887185185185185;64,39303601240162;10,555555555555555
52;Goiás;2025;11;2025-11;2804,0;1426,0;18160,0;12054,0;1259,0;38219,0;168791,0;37361,0;4,5;63887241,72;7423629;30;0,9806658541279107;False;13480,0;20964,0;41,73862512363996;4,4164159187838505;1671,6094539365238;3,2941730552866373;1,8158235008780745;5,148290681013289;2,8352373887240354;64,30070597214272;10,578635014836795
52;Goiás;2025;12;2025-12;2805,0;1426,0;18144,0;12050,0;1274,0;37195,0;165472,0;36327,0;4,6;61094990,0;7423629;31;0,9543909166720124;False;13476,0;20949,0;39,60972433669415;4,4487699959672;1642,5592149482457;3,4251915580051087;1,8152846808481404;5,010352753350147;2,760092015434847;64,32765287125876;10,5817750074206
52;Goiás;2026;1;2026-01;2695,0;1402,0;18116,0;11996,0;1267,0;37035,0;170436,0;36102,0;4,7;60101851,47;7423629;31;0,9502854576945282;False;13398,0;20811,0;41,03549398321367;4,602025111381126;1622,8392458485216;3,4210881598487917;1,8047776902644246;4,988799952152782;2,764218540080609;64,37941473259335;10,464248395282878
52;Goiás;2026;2;2026-02;2707,0;1414,0;18119,0;11969,0;1205,0;37040,0;159568,0;36121,0;4,4;60013157,84;7423629;28;0,9504137532875746;False;13383,0;20826,0;42,58280761306988;4,307991360691145;1620,2256436285097;3,253239740820734;1,8027571151521715;4,989473477190199;2,7676903534334603;64,2610198789974;10,565642979899872
52;Goiás;2026;3;2026-03;2724,0;1412,0;18079,0;11904,0;1346,0;39981,0;180644,0;39076,0;4,6;65184399,79;7423629;31;1,0258772211174547;False;13316,0;20803,0;43,7610829562302;4,518246166929291;1630,3844273529926;3,3665991345889297;1,7937318796507746;5,38564090419928;3,0024782216881944;64,0099985579003;10,603784920396516
52;Goiás;2026;4;2026-04;3063,0;1745,0;17672,0;11622,0;1364,0;38968,0;171497,0;38077,0;4,5;60068560,81;7423629;30;0,9998845339662582;False;13367,0;20735,0;42,76626518041944;4,400970026688565;1541,4843155922808;3,5003079449804972;1,8006018350324349;5,249184731618458;2,915239021470786;64,46587894863757;13,05453729333433
52;Goiás;2026;5;2026-05;3011,0;1733,0;17564,0;11509,0;1415,0;39503,0;178603,0;38634,0;4,6;69648238,9;7423629;31;1,0136121624222207;False;13242,0;20575,0;43,50843601249203;4,521251550515151;1763,1126471407235;3,5820064298914005;1,7837637090969929;5,32125191062215;2,9831596435583747;64,35965978128797;13,087146956653072
52;Goiás;2026;6;2026-06;3023,0;1739,0;17573,0;11475,0;1348,0;36749,0;166588,0;35855,0;4,6;64901720,86;7423629;30;0,9429469497722753;False;13214,0;20596,0;42,02310680591292;4,533130153201448;1766,0812773136684;3,6681270238645953;1,779991968887454;4,95027432001249;2,7810655365521417;64,15808894931054;13,160284546692901
53;Distrito Federal;2025;1;2025-01;2586,0;668,0;8270,0;4934,0;652,0;20995,0;122450,0;20926,0;5,9;33614495,99;2996899;31;1,0150603137766818;False;5602,0;10856,0;70,51053195287398;5,832341033579423;1601,0714927363658;3,105501309835675;1,869265530803674;7,005574762446115;3,7477686540521242;51,60280029476787;11,924312745448054
53;Distrito Federal;2025;2;2025-02;2587,0;668,0;8393,0;4948,0;505,0;19383,0;113191,0;19284,0;5,9;33173357,87;2996899;28;0,9371237943288129;False;5616,0;10980,0;71,98247354497354;5,8397048960429245;1711,4666393231182;2,6053758448124644;1,8739370262394563;6,467685430840346;3,451388888888889;51,147540983606554;11,894586894586896
53;Distrito Federal;2025;3;2025-03;2591,0;668,0;8304,0;4942,0;590,0;21044,0;116980,0;20983,0;5,6;34451418,52;2996899;31;1,0174293518988566;False;5610,0;10895,0;67,26467713184981;5,558829119939175;1637,1135962744727;2,80364949629348;1,8719349567669783;7,021924996471353;3,751158645276292;51,49150986691142;11,907308377896614
53;Distrito Federal;2025;4;2025-04;2597,0;668,0;8383,0;4940,0;516,0;20310,0;115966,0;20236,0;5,7;33403282,77;2996899;30;0,9819421277830155;False;5608,0;10980,0;68,92891107941037;5,709798129000492;1644,6717267355982;2,5406203840472674;1,8712676002761521;6,777005164338204;3,6216119828815976;51,07468123861566;11,911554921540656
53;Distrito Federal;2025;5;2025-05;2612,0;694,0;8449,0;4938,0;599,0;21894,0;122933,0;21819,0;5,6;37221488,26;2996899;31;1,0585249111610704;False;5632,0;11061,0;70,41158815982405;5,614917328948571;1700,0771106239151;2,7359093815657256;1,8792758781660643;7,30555150507241;3,887428977272727;50,917638549859866;12,322443181818182
53;Distrito Federal;2025;6;2025-06;2613,0;710,0;8377,0;4876,0;577,0;21120,0;119646,0;21036,0;5,7;33972979,19;2996899;30;1,0211037783740662;False;5586,0;10990,0;71,39634801288936;5,665056818181818;1608,5690904356059;2,7320075757575757;1,863926678877066;7,047284543122742;3,7808807733619765;50,82802547770701;12,710347296813463
53;Distrito Federal;2025;7;2025-07;2632,0;707,0;8271,0;4859,0;664,0;21589,0;122666,0;21517,0;5,7;35776834,1;2996899;31;1,0437788575434526;False;5566,0;10903,0;71,09176683319231;5,6818750289499285;1657,1788457084626;3,0756403724118764;1,8572531139688058;7,203779640221443;3,8787279913762127;51,050169678070255;12,702120014372978
53;Distrito Federal;2025;8;2025-08;2595,0;707,0;8195,0;4850,0;603,0;20540,0;119571,0;20461,0;5,8;35834451,33;2996899;31;0,9930621026422027;False;5557,0;10790,0;69,41027590890884;5,821372930866602;1744,6178836416748;2,9357351509250242;1,8542500097600887;6,8537511607831965;3,6962389778657547;51,50139017608897;12,722692100053987
53;Distrito Federal;2025;9;2025-09;2608,0;691,0;8209,0;4872,0;633,0;20873,0;119437,0;20803,0;5,7;37403269,16;2996899;30;1,0091618923296348;False;5563,0;10817,0;71,56630115645035;5,722081157476166;1791,9450562928182;3,0326258803238635;1,8562520792325667;6,964866016505728;3,752112169692612;51,42830729407414;12,421355383785727
53;Distrito Federal;2025;10;2025-10;2571,0;691,0;8105,0;4874,0;602,0;20827,0;119657,0;20766,0;5,8;37449608,69;2996899;31;1,0069378973577974;False;5565,0;10676,0;69,36034547720487;5,745282565900034;1798,1278479857876;2,8904787055264802;1,856919435723393;6,94951681721673;3,7424977538185087;52,12626451854627;12,416891284815813
53;Distrito Federal;2025;11;2025-11;2571,0;691,0;8083,0;4880,0;548,0;19791,0;113823,0;19737,0;5,8;35152029,95;2996899;30;0,9568496627746754;False;5571,0;10654,0;68,10446957458267;5,7512505684402;1776,162394522763;2,7689353746652516;1,858921505195871;6,603826154968853;3,5525040387722133;52,290219635817536;12,403518219350207
53;Distrito Federal;2025;12;2025-12;2573,0;691,0;8107,0;4913,0;576,0;20358,0;117039,0;20313,0;5,8;35360786,82;2996899;31;0,9842628181884111;False;5604,0;10680,0;67,3706569040547;5,74904214559387;1736,9479722959034;2,829354553492484;1,8699328872945002;6,793021720118029;3,632762312633833;52,47191011235955;12,330478229835832
53;Distrito Federal;2026;1;2026-01;2579,0;691,0;8071,0;4957,0;598,0;19532,0;115671,0;19492,0;5,9;35779429,86;2996899;31;0,944327604128895;False;5648,0;10650,0;66,0644932833775;5,922127790292853;1831,8364663116936;3,061642432930576;1,8846147300926726;6,517403489406884;3,4582152974504248;53,032863849765256;12,234419263456092
53;Distrito Federal;2026;2;2026-02;2469,0;691,0;7909,0;4964,0;539,0;18350,0;106008,0;18277,0;5,8;33024887,8;2996899;28;0,8871806028960282;False;5655,0;10378,0;66,94960212201592;5,77700272479564;1799,7214059945504;2,9373297002724796;1,8869504778105637;6,122995803328708;3,244916003536693;54,490267874349584;12,219274977895669
53;Distrito Federal;2026;3;2026-03;2585,0;691,0;7927,0;5014,0;591,0;20437,0;117471,0;20349,0;5,8;38020271,52;2996899;31;0,988082287813958;False;5705,0;10512,0;66,42221028526194;5,747957136566032;1860,3646092870774;2,8918138670059204;1,903634390081214;6,819382301505657;3,582296231375986;54,271308980213085;12,112182296231376
53;Distrito Federal;2026;4;2026-04;2539,0;695,0;7841,0;5000,0;562,0;19766,0;109192,0;19689,0;5,5;35079870,65;2996899;30;0,9556409698551986;False;5695,0;10380,0;63,9110330699444;5,524233532328241;1774,7582034807244;2,843266214712132;1,9002976076270839;6,595484198833528;3,470763827919227;54,86512524084779;12,203687445127304
53;Distrito Federal;2026;5;2026-05;2538,0;695,0;7949,0;5000,0;600,0;21519,0;124204,0;21460,0;5,8;39346509,5;2996899;31;1,0403945173689173;False;5695,0;10487,0;70,35260131977682;5,77182954598262;1828,4543659091964;2,7882336539802037;1,9002976076270839;7,180422163042532;3,778577699736611;54,305330409077904;12,203687445127304
53;Distrito Federal;2026;6;2026-06;2565,0;754,0;7820,0;4869,0;621,0;21185,0;121397,0;21121,0;5,7;37036018,89;2996899;30;1,0242463799647061;False;5623,0;10385,0;71,96455035864604;5,730328062308237;1748,218970497994;2,9313193297144204;1,8762727739573473;7,068973629074587;3,7675617997510225;54,14540202214732;13,409212164325094
