uf_cod;uf_sigla;uf_nome;regiao;cluster;cluster_nome;data_competencia;competencia;ano;mes;ano_fechado_2025;competencia_suspeita;populacao;aih_aprovadas;internacoes;dias_permanencia;obitos;valor_total;dias_no_mes;leitos_int_sus;leitos_comp_sus;leitos_sus_total;leitos_exist_total;taxa_ocupacao_pct;media_permanencia;custo_medio_aih;taxa_mortalidade_pct;leitos_sus_por_mil_hab;pressao_aih_por_leito;pct_leitos_uti;pct_rede_sus;razao_mediana
11;RO;Rondônia;Norte;2;Rede folgada;2025-01-01;2025-01;2025;1;True;False;1751950;10636,0000;10636,0000;54972,0000;358,0000;13741457,6100;31;3794,0000;431,0000;4225,0000;5636,0000;41,9714;5,2000;1291,9761;3,3659;2,4116;2,5174;10,2012;74,9645;0,9246
11;RO;Rondônia;Norte;2;Rede folgada;2025-02-01;2025-02;2025;2;True;False;1751950;10219,0000;10219,0000;50925,0000;330,0000;11755398,5000;28;3839,0000;442,0000;4281,0000;5662,0000;42,4842;5,0000;1150,3472;3,2293;2,4436;2,3871;10,3247;75,6093;0,8884
11;RO;Rondônia;Norte;2;Rede folgada;2025-03-01;2025-03;2025;3;True;False;1751950;10762,0000;10762,0000;51995,0000;316,0000;11987991,3900;31;3981,0000;446,0000;4427,0000;5814,0000;37,8870;4,8000;1113,9185;2,9363;2,5269;2,4310;10,0745;76,1438;0,9356
11;RO;Rondônia;Norte;2;Rede folgada;2025-04-01;2025-04;2025;4;True;False;1751950;11551,0000;11551,0000;52847,0000;382,0000;13658025,2900;30;4032,0000;448,0000;4480,0000;5877,0000;39,3207;4,6000;1182,4106;3,3071;2,5572;2,5783;10,0000;76,2294;1,0042
11;RO;Rondônia;Norte;2;Rede folgada;2025-05-01;2025-05;2025;5;True;False;1751950;11823,0000;11823,0000;57383,0000;369,0000;13811619,2000;31;4032,0000;448,0000;4480,0000;5872,0000;41,3184;4,9000;1168,1992;3,1210;2,5572;2,6391;10,0000;76,2943;1,0278
11;RO;Rondônia;Norte;2;Rede folgada;2025-06-01;2025-06;2025;6;True;False;1751950;11235,0000;11235,0000;57486,0000;369,0000;12193265,9600;30;4131,0000;449,0000;4580,0000;5912,0000;41,8384;5,1000;1085,2929;3,2844;2,6142;2,4531;9,8035;77,4696;0,9767
11;RO;Rondônia;Norte;2;Rede folgada;2025-07-01;2025-07;2025;7;True;False;1751950;12610,0000;12610,0000;64847,0000;429,0000;14363642,6700;31;4099,0000;450,0000;4549,0000;5886,0000;45,9846;5,1000;1139,0676;3,4021;2,5965;2,7720;9,8923;77,2851;1,0962
11;RO;Rondônia;Norte;2;Rede folgada;2025-08-01;2025-08;2025;8;True;False;1751950;12371,0000;12371,0000;60699,0000;377,0000;13635815,6000;31;4134,0000;446,0000;4580,0000;5930,0000;42,7518;4,9000;1102,2404;3,0474;2,6142;2,7011;9,7380;77,2344;1,0755
11;RO;Rondônia;Norte;2;Rede folgada;2025-09-01;2025-09;2025;9;True;False;1751950;12259,0000;12259,0000;59936,0000;327,0000;13935621,4800;30;4163,0000;448,0000;4611,0000;5944,0000;43,3283;4,9000;1136,7666;2,6674;2,6319;2,6586;9,7159;77,5740;1,0657
11;RO;Rondônia;Norte;2;Rede folgada;2025-10-01;2025-10;2025;10;True;False;1751950;12766,0000;12766,0000;61979,0000;375,0000;14657347,9600;31;4213,0000;462,0000;4675,0000;5994,0000;42,7663;4,9000;1148,1551;2,9375;2,6685;2,7307;9,8824;77,9947;1,1098
11;RO;Rondônia;Norte;2;Rede folgada;2025-11-01;2025-11;2025;11;True;False;1751950;12159,0000;12159,0000;59073,0000;365,0000;14272355,7700;30;4265,0000;465,0000;4730,0000;6041,0000;41,6300;4,9000;1173,8100;3,0019;2,6998;2,5706;9,8309;78,2983;1,0570
11;RO;Rondônia;Norte;2;Rede folgada;2025-12-01;2025-12;2025;12;True;False;1751950;11455,0000;11455,0000;56751,0000;347,0000;13150092,7700;31;4301,0000;455,0000;4756,0000;6110,0000;38,4920;5,0000;1147,9784;3,0292;2,7147;2,4085;9,5669;77,8396;0,9958
11;RO;Rondônia;Norte;2;Rede folgada;2026-01-01;2026-01;2026;1;False;False;1751950;11443,0000;11443,0000;59331,0000;349,0000;14006537,5800;31;4301,0000;455,0000;4756,0000;6125,0000;40,2419;5,2000;1224,0267;3,0499;2,7147;2,4060;9,5669;77,6490;0,9948
11;RO;Rondônia;Norte;2;Rede folgada;2026-02-01;2026-02;2026;2;False;False;1751950;11312,0000;11312,0000;55734,0000;322,0000;12404995,0000;28;4304,0000;451,0000;4755,0000;6096,0000;41,8612;4,9000;1096,6226;2,8465;2,7141;2,3790;9,4848;78,0020;0,9834
11;RO;Rondônia;Norte;2;Rede folgada;2026-03-01;2026-03;2026;3;False;False;1751950;13252,0000;13252,0000;66478,0000;441,0000;15065917,2300;31;4203,0000;446,0000;4649,0000;5934,0000;46,1272;5,0000;1136,8788;3,3278;2,6536;2,8505;9,5935;78,3451;1,1520
11;RO;Rondônia;Norte;2;Rede folgada;2026-04-01;2026-04;2026;4;False;False;1751950;12322,0000;12322,0000;58001,0000;358,0000;13326237,9300;30;4167,0000;446,0000;4613,0000;5900,0000;41,9113;4,7000;1081,4996;2,9054;2,6331;2,6711;9,6683;78,1864;1,0712
11;RO;Rondônia;Norte;2;Rede folgada;2026-05-01;2026-05;2026;5;False;False;1751950;10613,0000;10613,0000;54838,0000;359,0000;12820257,8900;31;4224,0000;444,0000;4668,0000;5964,0000;37,8956;5,2000;1207,9768;3,3826;2,6645;2,2736;9,5116;78,2696;0,9226
11;RO;Rondônia;Norte;2;Rede folgada;2026-06-01;2026-06;2026;6;False;False;1751950;8456,0000;8456,0000;50940,0000;313,0000;10710668,0200;30;4290,0000;446,0000;4736,0000;6078,0000;35,8530;6,0000;1266,6353;3,7015;2,7033;1,7855;9,4172;77,9204;0,7351
12;AC;Acre;Norte;0;Alta pressão;2025-01-01;2025-01;2025;1;True;False;884372;4541,0000;4537,0000;21105,0000;151,0000;4304797,5400;31;1433,0000;199,0000;1632,0000;1816,0000;41,7161;4,7000;947,9845;3,3253;1,8454;2,7825;12,1936;89,8678;0,8927
12;AC;Acre;Norte;0;Alta pressão;2025-02-01;2025-02;2025;2;True;False;884372;4243,0000;4240,0000;20483,0000;132,0000;4158930,1400;28;1429,0000;199,0000;1628,0000;1812,0000;44,9346;4,8000;980,1862;3,1110;1,8409;2,6063;12,2236;89,8455;0,8341
12;AC;Acre;Norte;0;Alta pressão;2025-03-01;2025-03;2025;3;True;False;884372;5348,0000;5346,0000;25325,0000;169,0000;5349566,9900;31;1429,0000;199,0000;1628,0000;1812,0000;50,1803;4,7000;1000,2930;3,1601;1,8409;3,2850;12,2236;89,8455;1,0513
12;AC;Acre;Norte;0;Alta pressão;2025-04-01;2025-04;2025;4;True;False;884372;5887,0000;5874,0000;26806,0000;159,0000;5918330,9800;30;1429,0000;199,0000;1628,0000;1818,0000;54,8853;4,6000;1005,3221;2,7009;1,8409;3,6161;12,2236;89,5490;1,1573
12;AC;Acre;Norte;0;Alta pressão;2025-05-01;2025-05;2025;5;True;False;884372;5601,0000;5576,0000;25666,0000;152,0000;6046541,0100;31;1441,0000;179,0000;1620,0000;1810,0000;51,1071;4,6000;1079,5467;2,7138;1,8318;3,4574;11,0494;89,5028;1,1010
12;AC;Acre;Norte;0;Alta pressão;2025-06-01;2025-06;2025;6;True;False;884372;5988,0000;5972,0000;28832,0000;207,0000;6043514,1200;30;1445,0000;229,0000;1674,0000;1864,0000;57,4114;4,8000;1009,2709;3,4569;1,8929;3,5771;13,6798;89,8069;1,1771
12;AC;Acre;Norte;0;Alta pressão;2025-07-01;2025-07;2025;7;True;False;884372;5122,0000;5104,0000;23436,0000;157,0000;5411006,0400;31;1439,0000;229,0000;1668,0000;1858,0000;45,3237;4,6000;1056,4245;3,0652;1,8861;3,0707;13,7290;89,7740;1,0069
12;AC;Acre;Norte;0;Alta pressão;2025-08-01;2025-08;2025;8;True;False;884372;5091,0000;5091,0000;23748,0000;126,0000;5494611,6100;31;1439,0000;229,0000;1668,0000;1858,0000;45,9271;4,7000;1079,2794;2,4750;1,8861;3,0522;13,7290;89,7740;1,0008
12;AC;Acre;Norte;0;Alta pressão;2025-09-01;2025-09;2025;9;True;False;884372;5062,0000;5047,0000;24073,0000;138,0000;5098665,6600;30;1439,0000;229,0000;1668,0000;1865,0000;48,1075;4,8000;1007,2433;2,7262;1,8861;3,0348;13,7290;89,4370;0,9951
12;AC;Acre;Norte;0;Alta pressão;2025-10-01;2025-10;2025;10;True;False;884372;5560,0000;5560,0000;27736,0000;159,0000;6158769,5800;31;1432,0000;250,0000;1682,0000;1889,0000;53,1932;5,0000;1107,6924;2,8597;1,9019;3,3056;14,8633;89,0418;1,0930
12;AC;Acre;Norte;0;Alta pressão;2025-11-01;2025-11;2025;11;True;False;884372;4609,0000;4604,0000;23234,0000;137,0000;5244415,6100;30;1458,0000;250,0000;1708,0000;1901,0000;45,3435;5,0000;1137,8641;2,9724;1,9313;2,6985;14,6370;89,8474;0,9060
12;AC;Acre;Norte;0;Alta pressão;2025-12-01;2025-12;2025;12;True;False;884372;4527,0000;4527,0000;20614,0000;104,0000;4678713,1200;31;1458,0000;250,0000;1708,0000;1901,0000;38,9325;4,6000;1033,5129;2,2973;1,9313;2,6505;14,6370;89,8474;0,8899
12;AC;Acre;Norte;0;Alta pressão;2026-01-01;2026-01;2026;1;False;False;884372;4774,0000;4774,0000;22859,0000;142,0000;4636392,1900;31;1462,0000;250,0000;1712,0000;1905,0000;43,0717;4,8000;971,1756;2,9744;1,9358;2,7886;14,6028;89,8688;0,9385
12;AC;Acre;Norte;0;Alta pressão;2026-02-01;2026-02;2026;2;False;False;884372;4479,0000;4479,0000;21092,0000;145,0000;4858378,8600;28;1470,0000;214,0000;1684,0000;1877,0000;44,7319;4,7000;1084,7017;3,2373;1,9042;2,6597;12,7078;89,7176;0,8805
12;AC;Acre;Norte;0;Alta pressão;2026-03-01;2026-03;2026;3;False;False;884372;5087,0000;5087,0000;24632,0000;158,0000;5936262,5400;31;1470,0000;214,0000;1684,0000;1877,0000;47,1841;4,8000;1166,9476;3,1060;1,9042;3,0208;12,7078;89,7176;1,0000
12;AC;Acre;Norte;0;Alta pressão;2026-04-01;2026-04;2026;4;False;False;884372;4951,0000;4951,0000;23352,0000;112,0000;4701373,9200;30;1422,0000;213,0000;1635,0000;1846,0000;47,6086;4,7000;949,5807;2,2622;1,8488;3,0281;13,0275;88,5699;0,9733
12;AC;Acre;Norte;0;Alta pressão;2026-05-01;2026-05;2026;5;False;False;884372;5328,0000;5328,0000;25454,0000;171,0000;5053133,2800;31;1422,0000;213,0000;1635,0000;1846,0000;50,2200;4,8000;948,4109;3,2095;1,8488;3,2587;13,0275;88,5699;1,0474
12;AC;Acre;Norte;0;Alta pressão;2026-06-01;2026-06;2026;6;False;True;884372;;;;;;30;1428,0000;213,0000;1641,0000;1859,0000;;;;;1,8556;;12,9799;88,2733;
13;AM;Amazonas;Norte;0;Alta pressão;2025-01-01;2025-01;2025;1;True;False;4321616;22036,0000;22036,0000;109116,0000;755,0000;24670895,9800;31;5510,0000;828,0000;6338,0000;7727,0000;55,5360;5,0000;1119,5723;3,4262;1,4666;3,4768;13,0641;82,0241;1,0049
13;AM;Amazonas;Norte;0;Alta pressão;2025-02-01;2025-02;2025;2;True;False;4321616;18984,0000;18984,0000;87554,0000;525,0000;21277756,1400;28;5495,0000;828,0000;6323,0000;7688,0000;49,4532;4,6000;1120,8258;2,7655;1,4631;3,0024;13,0950;82,2451;0,8657
13;AM;Amazonas;Norte;0;Alta pressão;2025-03-01;2025-03;2025;3;True;False;4321616;19892,0000;19892,0000;95776,0000;609,0000;23057358,5000;31;5477,0000;828,0000;6305,0000;7773,0000;49,0016;4,8000;1159,1272;3,0615;1,4589;3,1550;13,1324;81,1141;0,9071
13;AM;Amazonas;Norte;0;Alta pressão;2025-04-01;2025-04;2025;4;True;False;4321616;20290,0000;20290,0000;95973,0000;590,0000;22683833,3600;30;5483,0000;828,0000;6311,0000;7789,0000;50,6909;4,7000;1117,9809;2,9078;1,4603;3,2150;13,1199;81,0245;0,9253
13;AM;Amazonas;Norte;0;Alta pressão;2025-05-01;2025-05;2025;5;True;False;4321616;20166,0000;20166,0000;91098,0000;575,0000;22636083,4000;31;5490,0000;829,0000;6319,0000;7779,0000;46,5049;4,5000;1122,4875;2,8513;1,4622;3,1913;13,1192;81,2315;0,9196
13;AM;Amazonas;Norte;0;Alta pressão;2025-06-01;2025-06;2025;6;True;False;4321616;22515,0000;22515,0000;107154,0000;772,0000;25835288,8300;30;5491,0000;829,0000;6320,0000;7940,0000;56,5158;4,8000;1147,4701;3,4288;1,4624;3,5625;13,1171;79,5970;1,0267
13;AM;Amazonas;Norte;0;Alta pressão;2025-07-01;2025-07;2025;7;True;False;4321616;24613,0000;24613,0000;116339,0000;770,0000;29293267,4200;31;5493,0000;829,0000;6322,0000;7935,0000;59,3621;4,7000;1190,1543;3,1284;1,4629;3,8932;13,1129;79,6723;1,1224
13;AM;Amazonas;Norte;0;Alta pressão;2025-08-01;2025-08;2025;8;True;False;4321616;24408,0000;24408,0000;112612,0000;894,0000;29353157,8000;31;5513,0000;830,0000;6343,0000;7947,0000;57,2701;4,6000;1202,6040;3,6627;1,4677;3,8480;13,0853;79,8163;1,1131
13;AM;Amazonas;Norte;0;Alta pressão;2025-09-01;2025-09;2025;9;True;False;4321616;23100,0000;23100,0000;99568,0000;684,0000;28644792,0100;30;5515,0000;823,0000;6338,0000;7942,0000;52,3656;4,3000;1240,0343;2,9610;1,4666;3,6447;12,9852;79,8036;1,0534
13;AM;Amazonas;Norte;0;Alta pressão;2025-10-01;2025-10;2025;10;True;False;4321616;25112,0000;25112,0000;110448,0000;811,0000;34330098,2800;31;5498,0000;833,0000;6331,0000;7951,0000;56,2761;4,4000;1367,0794;3,2295;1,4650;3,9665;13,1575;79,6252;1,1452
13;AM;Amazonas;Norte;0;Alta pressão;2025-11-01;2025-11;2025;11;True;False;4321616;21821,0000;21821,0000;96075,0000;634,0000;31406263,2200;30;5490,0000;833,0000;6323,0000;7947,0000;50,6484;4,4000;1439,2678;2,9055;1,4631;3,4511;13,1741;79,5646;0,9951
13;AM;Amazonas;Norte;0;Alta pressão;2025-12-01;2025-12;2025;12;True;False;4321616;21542,0000;21542,0000;93620,0000;601,0000;28328402,5700;31;5497,0000;833,0000;6330,0000;7964,0000;47,7093;4,3000;1315,0312;2,7899;1,4647;3,4032;13,1596;79,4827;0,9824
13;AM;Amazonas;Norte;0;Alta pressão;2026-01-01;2026-01;2026;1;False;False;4321616;21748,0000;21748,0000;94755,0000;681,0000;26161272,8900;31;5466,0000;829,0000;6295,0000;7834,0000;48,5562;4,4000;1202,9278;3,1313;1,4566;3,4548;13,1692;80,3549;0,9918
13;AM;Amazonas;Norte;0;Alta pressão;2026-02-01;2026-02;2026;2;False;False;4321616;20400,0000;20400,0000;90912,0000;618,0000;27469880,7400;28;5470,0000;817,0000;6287,0000;7806,0000;51,6440;4,5000;1346,5628;3,0294;1,4548;3,2448;12,9951;80,5406;0,9303
13;AM;Amazonas;Norte;0;Alta pressão;2026-03-01;2026-03;2026;3;False;False;4321616;23276,0000;23276,0000;101752,0000;769,0000;29366179,9300;31;5509,0000;815,0000;6324,0000;7848,0000;51,9026;4,4000;1261,6506;3,3038;1,4633;3,6806;12,8874;80,5810;1,0614
13;AM;Amazonas;Norte;0;Alta pressão;2026-04-01;2026-04;2026;4;False;False;4321616;23388,0000;23388,0000;97503,0000;588,0000;30940873,6100;30;5503,0000;815,0000;6318,0000;7842,0000;51,4419;4,2000;1322,9380;2,5141;1,4620;3,7018;12,8997;80,5662;1,0666
13;AM;Amazonas;Norte;0;Alta pressão;2026-05-01;2026-05;2026;5;False;False;4321616;22716,0000;22716,0000;97936,0000;673,0000;30369495,5700;31;5517,0000;815,0000;6332,0000;7821,0000;49,8930;4,3000;1336,9209;2,9627;1,4652;3,5875;12,8711;80,9615;1,0359
13;AM;Amazonas;Norte;0;Alta pressão;2026-06-01;2026-06;2026;6;False;False;4321616;19563,0000;19563,0000;90109,0000;661,0000;28944986,1700;30;5512,0000;819,0000;6331,0000;7873,0000;47,4433;4,6000;1479,5781;3,3788;1,4650;3,0900;12,9363;80,4141;0,8921
14;RR;Roraima;Norte;1;Baixa rotatividade;2025-01-01;2025-01;2025;1;True;False;738772;3882,0000;3882,0000;28646,0000;91,0000;4483130,1900;31;1298,0000;147,0000;1445,0000;1626,0000;63,9491;7,4000;1154,8506;2,3442;1,9559;2,6865;10,1730;88,8684;1,3395
14;RR;Roraima;Norte;1;Baixa rotatividade;2025-02-01;2025-02;2025;2;True;False;738772;2855,0000;2855,0000;20734,0000;73,0000;3607405,9300;28;1297,0000;147,0000;1444,0000;1625,0000;51,2812;7,3000;1263,5397;2,5569;1,9546;1,9771;10,1801;88,8615;0,9852
14;RR;Roraima;Norte;1;Baixa rotatividade;2025-03-01;2025-03;2025;3;True;False;738772;3459,0000;3459,0000;22112,0000;101,0000;4084049,1400;31;1297,0000;147,0000;1444,0000;1625,0000;49,3968;6,4000;1180,7023;2,9199;1,9546;2,3954;10,1801;88,8615;1,1936
14;RR;Roraima;Norte;1;Baixa rotatividade;2025-04-01;2025-04;2025;4;True;False;738772;2895,0000;2895,0000;19871,0000;83,0000;3504020,6600;30;1302,0000;147,0000;1449,0000;1630,0000;45,7120;6,9000;1210,3698;2,8670;1,9614;1,9979;10,1449;88,8957;0,9990
14;RR;Roraima;Norte;1;Baixa rotatividade;2025-05-01;2025-05;2025;5;True;False;738772;2898,0000;2898,0000;19826,0000;96,0000;3512010,2500;31;1299,0000;147,0000;1446,0000;1627,0000;44,2288;6,8000;1211,8738;3,3126;1,9573;2,0041;10,1660;88,8752;1,0000
14;RR;Roraima;Norte;1;Baixa rotatividade;2025-06-01;2025-06;2025;6;True;False;738772;2935,0000;2935,0000;21713,0000;76,0000;3756101,6700;30;1299,0000;147,0000;1446,0000;1627,0000;50,0530;7,4000;1279,7621;2,5894;1,9573;2,0297;10,1660;88,8752;1,0128
14;RR;Roraima;Norte;1;Baixa rotatividade;2025-07-01;2025-07;2025;7;True;False;738772;3002,0000;3002,0000;22743,0000;82,0000;3878433,6900;31;1299,0000;147,0000;1446,0000;1580,0000;50,7362;7,6000;1291,9499;2,7315;1,9573;2,0761;10,1660;91,5190;1,0359
14;RR;Roraima;Norte;1;Baixa rotatividade;2025-08-01;2025-08;2025;8;True;False;738772;3193,0000;3193,0000;26069,0000;87,0000;3889335,4000;31;1299,0000;147,0000;1446,0000;1580,0000;58,1560;8,2000;1218,0819;2,7247;1,9573;2,2082;10,1660;91,5190;1,1018
14;RR;Roraima;Norte;1;Baixa rotatividade;2025-09-01;2025-09;2025;9;True;False;738772;2738,0000;2738,0000;18754,0000;106,0000;3983498,6400;30;1310,0000;149,0000;1459,0000;1593,0000;42,8467;6,8000;1454,8936;3,8714;1,9749;1,8766;10,2125;91,5882;0,9448
14;RR;Roraima;Norte;1;Baixa rotatividade;2025-10-01;2025-10;2025;10;True;False;738772;2346,0000;2346,0000;16703,0000;80,0000;3503516,8600;31;1310,0000;149,0000;1459,0000;1593,0000;36,9298;7,1000;1493,4002;3,4101;1,9749;1,6080;10,2125;91,5882;0,8095
14;RR;Roraima;Norte;1;Baixa rotatividade;2025-11-01;2025-11;2025;11;True;False;738772;2740,0000;2740,0000;17827,0000;77,0000;3973568,9200;30;1332,0000;149,0000;1481,0000;1700,0000;40,1238;6,5000;1450,2076;2,8102;2,0047;1,8501;10,0608;87,1176;0,9455
14;RR;Roraima;Norte;1;Baixa rotatividade;2025-12-01;2025-12;2025;12;True;False;738772;2128,0000;2128,0000;16353,0000;69,0000;3801944,0200;31;1332,0000;149,0000;1481,0000;1700,0000;35,6189;7,7000;1786,6278;3,2425;2,0047;1,4369;10,0608;87,1176;0,7343
14;RR;Roraima;Norte;1;Baixa rotatividade;2026-01-01;2026-01;2026;1;False;False;738772;2597,0000;2597,0000;19126,0000;71,0000;3843081,4800;31;1332,0000;149,0000;1481,0000;1700,0000;41,6589;7,4000;1479,8157;2,7339;2,0047;1,7535;10,0608;87,1176;0,8961
14;RR;Roraima;Norte;1;Baixa rotatividade;2026-02-01;2026-02;2026;2;False;False;738772;2961,0000;2961,0000;20627,0000;74,0000;3987497,8700;28;1332,0000;149,0000;1481,0000;1700,0000;49,7420;7,0000;1346,6727;2,4992;2,0047;1,9993;10,0608;87,1176;1,0217
14;RR;Roraima;Norte;1;Baixa rotatividade;2026-03-01;2026-03;2026;3;False;False;738772;3082,0000;3082,0000;24754,0000;100,0000;4579711,9100;31;1348,0000;150,0000;1498,0000;1700,0000;53,3055;8,0000;1485,9545;3,2446;2,0277;2,0574;10,0134;88,1176;1,0635
14;RR;Roraima;Norte;1;Baixa rotatividade;2026-04-01;2026-04;2026;4;False;False;738772;3013,0000;3013,0000;17967,0000;80,0000;4094540,1100;30;1348,0000;150,0000;1498,0000;1700,0000;39,9800;6,0000;1358,9579;2,6552;2,0277;2,0113;10,0134;88,1176;1,0397
14;RR;Roraima;Norte;1;Baixa rotatividade;2026-05-01;2026-05;2026;5;False;True;738772;352,0000;352,0000;4202,0000;1,0000;808205,1500;31;1348,0000;150,0000;1498,0000;1700,0000;9,0486;11,9000;2296,0374;0,2841;2,0277;0,2350;10,0134;88,1176;0,1215
14;RR;Roraima;Norte;1;Baixa rotatividade;2026-06-01;2026-06;2026;6;False;True;738772;;;;;;30;1394,0000;150,0000;1544,0000;1668,0000;;;;;2,0900;;9,7150;92,5659;
15;PA;Pará;Norte;0;Alta pressão;2025-01-01;2025-01;2025;1;True;False;8711196;44599,0000;44599,0000;191632,0000;1279,0000;51761784,0500;31;11281,0000;1559,0000;12840,0000;17139,0000;48,1439;4,3000;1160,6041;2,8678;1,4740;3,4734;12,1417;74,9169;0,9149
15;PA;Pará;Norte;0;Alta pressão;2025-02-01;2025-02;2025;2;True;False;8711196;43943,0000;43943,0000;190025,0000;1411,0000;53428701,8900;28;11266,0000;1559,0000;12825,0000;17125,0000;52,9170;4,3000;1215,8638;3,2110;1,4722;3,4264;12,1559;74,8905;0,9014
15;PA;Pará;Norte;0;Alta pressão;2025-03-01;2025-03;2025;3;True;False;8711196;47078,0000;47078,0000;204502,0000;1338,0000;56875696,2800;31;11389,0000;1559,0000;12948,0000;17261,0000;50,9487;4,3000;1208,1162;2,8421;1,4864;3,6359;12,0405;75,0130;0,9657
15;PA;Pará;Norte;0;Alta pressão;2025-04-01;2025-04;2025;4;True;False;8711196;46661,0000;46661,0000;195977,0000;1355,0000;53969073,2000;30;11416,0000;1547,0000;12963,0000;17287,0000;50,3939;4,2000;1156,6206;2,9039;1,4881;3,5996;11,9340;74,9870;0,9572
15;PA;Pará;Norte;0;Alta pressão;2025-05-01;2025-05;2025;5;True;False;8711196;49149,0000;49149,0000;216710,0000;1463,0000;59203836,9000;31;11444,0000;1557,0000;13001,0000;17190,0000;53,7701;4,4000;1204,5787;2,9767;1,4924;3,7804;11,9760;75,6312;1,0082
15;PA;Pará;Norte;0;Alta pressão;2025-06-01;2025-06;2025;6;True;False;8711196;48858,0000;48858,0000;214052,0000;1501,0000;59869103,5900;30;11444,0000;1557,0000;13001,0000;17276,0000;54,8809;4,4000;1225,3695;3,0722;1,4924;3,7580;11,9760;75,2547;1,0023
15;PA;Pará;Norte;0;Alta pressão;2025-07-01;2025-07;2025;7;True;False;8711196;49639,0000;49639,0000;213257,0000;1340,0000;64852028,6400;31;11468,0000;1550,0000;13018,0000;17415,0000;52,8442;4,3000;1306,4733;2,6995;1,4944;3,8131;11,9066;74,7517;1,0183
15;PA;Pará;Norte;0;Alta pressão;2025-08-01;2025-08;2025;8;True;False;8711196;50659,0000;50659,0000;216459,0000;1427,0000;66441536,2500;31;11564,0000;1549,0000;13113,0000;17490,0000;53,2491;4,3000;1311,5446;2,8169;1,5053;3,8633;11,8127;74,9743;1,0392
15;PA;Pará;Norte;0;Alta pressão;2025-09-01;2025-09;2025;9;True;False;8711196;49447,0000;49447,0000;213248,0000;1340,0000;64112900,9200;30;11568,0000;1558,0000;13126,0000;17542,0000;54,1541;4,3000;1296,5984;2,7100;1,5068;3,7671;11,8696;74,8261;1,0143
15;PA;Pará;Norte;0;Alta pressão;2025-10-01;2025-10;2025;10;True;False;8711196;50058,0000;50058,0000;219361,0000;1367,0000;69855772,3100;31;11569,0000;1571,0000;13140,0000;17715,0000;53,8521;4,4000;1395,4967;2,7308;1,5084;3,8096;11,9559;74,1744;1,0269
15;PA;Pará;Norte;0;Alta pressão;2025-11-01;2025-11;2025;11;True;False;8711196;48679,0000;48679,0000;206342,0000;1296,0000;68593530,9700;30;11466,0000;1576,0000;13042,0000;17676,0000;52,7378;4,2000;1409,0990;2,6623;1,4972;3,7325;12,0840;73,7837;0,9986
15;PA;Pará;Norte;0;Alta pressão;2025-12-01;2025-12;2025;12;True;False;8711196;48817,0000;48817,0000;205345,0000;1273,0000;69520406,1100;31;11491,0000;1573,0000;13064,0000;17714,0000;50,7045;4,2000;1424,1024;2,6077;1,4997;3,7368;12,0407;73,7496;1,0014
15;PA;Pará;Norte;0;Alta pressão;2026-01-01;2026-01;2026;1;False;False;8711196;47344,0000;47344,0000;205664,0000;1430,0000;58047445,4800;31;11411,0000;1562,0000;12973,0000;17768,0000;51,1395;4,3000;1226,0782;3,0204;1,4892;3,6494;12,0404;73,0133;0,9712
15;PA;Pará;Norte;0;Alta pressão;2026-02-01;2026-02;2026;2;False;False;8711196;45674,0000;45674,0000;196230,0000;1325,0000;58208902,2100;28;11517,0000;1559,0000;13076,0000;17881,0000;53,5960;4,3000;1274,4428;2,9010;1,5011;3,4930;11,9226;73,1279;0,9369
15;PA;Pará;Norte;0;Alta pressão;2026-03-01;2026-03;2026;3;False;False;8711196;50991,0000;50991,0000;216735,0000;1417,0000;69174186,5400;31;11571,0000;1558,0000;13129,0000;17913,0000;53,2520;4,3000;1356,5960;2,7789;1,5071;3,8838;11,8669;73,2931;1,0460
15;PA;Pará;Norte;0;Alta pressão;2026-04-01;2026-04;2026;4;False;False;8711196;49732,0000;49732,0000;210481,0000;1419,0000;67209741,6600;30;11614,0000;1560,0000;13174,0000;17988,0000;53,2567;4,2000;1351,4385;2,8533;1,5123;3,7750;11,8415;73,2377;1,0202
15;PA;Pará;Norte;0;Alta pressão;2026-05-01;2026-05;2026;5;False;False;8711196;47073,0000;47073,0000;206076,0000;1331,0000;67947930,0000;31;11589,0000;1560,0000;13149,0000;17837,0000;50,5560;4,4000;1443,4587;2,8275;1,5094;3,5800;11,8640;73,7176;0,9656
15;PA;Pará;Norte;0;Alta pressão;2026-06-01;2026-06;2026;6;False;False;8711196;40277,0000;40277,0000;183745,0000;1266,0000;61008301,5500;30;11704,0000;1565,0000;13269,0000;17882,0000;46,1590;4,6000;1514,7181;3,1432;1,5232;3,0354;11,7944;74,2031;0,8262
16;AP;Amapá;Norte;2;Rede folgada;2025-01-01;2025-01;2025;1;True;False;806517;4219,0000;4219,0000;22248,0000;108,0000;3830729,6600;31;1487,0000;143,0000;1630,0000;1957,0000;44,0293;5,3000;907,9710;2,5598;2,0210;2,5883;8,7730;83,2908;0,8467
16;AP;Amapá;Norte;2;Rede folgada;2025-02-01;2025-02;2025;2;True;False;806517;4023,0000;4023,0000;18278,0000;108,0000;3664424,4700;28;1487,0000;143,0000;1630,0000;1957,0000;40,0482;4,5000;910,8686;2,6846;2,0210;2,4681;8,7730;83,2908;0,8073
16;AP;Amapá;Norte;2;Rede folgada;2025-03-01;2025-03;2025;3;True;False;806517;5009,0000;5009,0000;21706,0000;83,0000;4194271,3900;31;1487,0000;143,0000;1630,0000;1965,0000;42,9567;4,3000;837,3471;1,6570;2,0210;3,0730;8,7730;82,9517;1,0052
16;AP;Amapá;Norte;2;Rede folgada;2025-04-01;2025-04;2025;4;True;False;806517;5258,0000;5258,0000;23910,0000;139,0000;4337764,3800;30;1449,0000;141,0000;1590,0000;1925,0000;50,1258;4,5000;824,9837;2,6436;1,9714;3,3069;8,8679;82,5974;1,0552
16;AP;Amapá;Norte;2;Rede folgada;2025-05-01;2025-05;2025;5;True;False;806517;5246,0000;5246,0000;24343,0000;148,0000;4463067,0700;31;1366,0000;157,0000;1523,0000;1852,0000;51,5600;4,6000;850,7562;2,8212;1,8884;3,4445;10,3086;82,2354;1,0528
16;AP;Amapá;Norte;2;Rede folgada;2025-06-01;2025-06;2025;6;True;False;806517;5312,0000;5312,0000;25939,0000;154,0000;4503337,1800;30;1366,0000;172,0000;1538,0000;1852,0000;56,2180;4,9000;847,7668;2,8991;1,9070;3,4538;11,1834;83,0454;1,0660
16;AP;Amapá;Norte;2;Rede folgada;2025-07-01;2025-07;2025;7;True;False;806517;5059,0000;5059,0000;24151,0000;122,0000;4504941,3800;31;1330,0000;172,0000;1502,0000;1838,0000;51,8685;4,8000;890,4806;2,4115;1,8623;3,3682;11,4514;81,7193;1,0153
16;AP;Amapá;Norte;2;Rede folgada;2025-08-01;2025-08;2025;8;True;False;806517;4957,0000;4957,0000;22002,0000;157,0000;4714675,8500;31;1330,0000;172,0000;1502,0000;1838,0000;47,2531;4,4000;951,1148;3,1672;1,8623;3,3003;11,4514;81,7193;0,9948
16;AP;Amapá;Norte;2;Rede folgada;2025-09-01;2025-09;2025;9;True;False;806517;4792,0000;4792,0000;21488,0000;83,0000;4566014,1100;30;1370,0000;172,0000;1542,0000;1879,0000;46,4505;4,5000;952,8410;1,7321;1,9119;3,1077;11,1543;82,0649;0,9617
16;AP;Amapá;Norte;2;Rede folgada;2025-10-01;2025-10;2025;10;True;False;806517;4903,0000;4903,0000;22659,0000;113,0000;4643315,7300;31;1366,0000;172,0000;1538,0000;1874,0000;47,5251;4,6000;947,0356;2,3047;1,9070;3,1879;11,1834;82,0704;0,9839
16;AP;Amapá;Norte;2;Rede folgada;2025-11-01;2025-11;2025;11;True;False;806517;4195,0000;4195,0000;21351,0000;127,0000;4555039,9300;30;1387,0000;172,0000;1559,0000;1918,0000;45,6511;5,1000;1085,8260;3,0274;1,9330;2,6908;11,0327;81,2826;0,8419
16;AP;Amapá;Norte;2;Rede folgada;2025-12-01;2025-12;2025;12;True;False;806517;4900,0000;4900,0000;21833,0000;101,0000;6530443,4700;31;1387,0000;172,0000;1559,0000;1918,0000;45,1758;4,5000;1332,7436;2,0612;1,9330;3,1430;11,0327;81,2826;0,9833
16;AP;Amapá;Norte;2;Rede folgada;2026-01-01;2026-01;2026;1;False;False;806517;4938,0000;4938,0000;23562,0000;114,0000;6502052,6500;31;1389,0000;164,0000;1553,0000;1915,0000;48,9417;4,8000;1316,7381;2,3086;1,9256;3,1797;10,5602;81,0966;0,9910
16;AP;Amapá;Norte;2;Rede folgada;2026-02-01;2026-02;2026;2;False;False;806517;4640,0000;4640,0000;20236,0000;116,0000;6416121,7000;28;1391,0000;164,0000;1555,0000;1917,0000;46,4768;4,4000;1382,7848;2,5000;1,9280;2,9839;10,5466;81,1163;0,9312
16;AP;Amapá;Norte;2;Rede folgada;2026-03-01;2026-03;2026;3;False;False;806517;5420,0000;5420,0000;26807,0000;161,0000;5081229,7400;31;1440,0000;161,0000;1601,0000;1958,0000;54,0126;4,9000;937,4963;2,9705;1,9851;3,3854;10,0562;81,7671;1,0877
16;AP;Amapá;Norte;2;Rede folgada;2026-04-01;2026-04;2026;4;False;False;806517;5563,0000;5563,0000;25703,0000;117,0000;7343342,1500;30;1422,0000;162,0000;1584,0000;1941,0000;54,0888;4,6000;1320,0327;2,1032;1,9640;3,5120;10,2273;81,6074;1,1164
16;AP;Amapá;Norte;2;Rede folgada;2026-05-01;2026-05;2026;5;False;False;806517;5849,0000;5849,0000;28953,0000;185,0000;6250992,4300;31;1413,0000;166,0000;1579,0000;1936,0000;59,1493;5,0000;1068,7284;3,1629;1,9578;3,7042;10,5130;81,5599;1,1738
16;AP;Amapá;Norte;2;Rede folgada;2026-06-01;2026-06;2026;6;False;False;806517;5777,0000;5777,0000;28756,0000;161,0000;6078343,6300;30;1452,0000;166,0000;1618,0000;1978,0000;59,2419;5,0000;1052,1627;2,7869;2,0062;3,5705;10,2596;81,7998;1,1593
17;TO;Tocantins;Norte;2;Rede folgada;2025-01-01;2025-01;2025;1;True;False;1586859;8962,0000;8962,0000;46182,0000;343,0000;10668909,5200;31;2632,0000;295,0000;2927,0000;3939,0000;50,8965;5,2000;1190,4608;3,8273;1,8445;3,0618;10,0786;74,3082;0,9804
17;TO;Tocantins;Norte;2;Rede folgada;2025-02-01;2025-02;2025;2;True;False;1586859;8871,0000;8871,0000;48094,0000;285,0000;11878297,6400;28;2649,0000;296,0000;2945,0000;3959,0000;58,3240;5,4000;1339,0032;3,2127;1,8559;3,0122;10,0509;74,3875;0,9705
17;TO;Tocantins;Norte;2;Rede folgada;2025-03-01;2025-03;2025;3;True;False;1586859;9143,0000;9143,0000;46447,0000;327,0000;11435409,5300;31;2664,0000;299,0000;2963,0000;3973,0000;50,5667;5,1000;1250,7284;3,5765;1,8672;3,0857;10,0911;74,5784;1,0002
17;TO;Tocantins;Norte;2;Rede folgada;2025-04-01;2025-04;2025;4;True;False;1586859;9139,0000;9139,0000;45481,0000;261,0000;11864295,7700;30;2701,0000;299,0000;3000,0000;4048,0000;50,5344;5,0000;1298,2050;2,8559;1,8905;3,0463;9,9667;74,1107;0,9998
17;TO;Tocantins;Norte;2;Rede folgada;2025-05-01;2025-05;2025;5;True;False;1586859;9526,0000;9525,0000;46376,0000;300,0000;11929719,1900;31;2745,0000;301,0000;3046,0000;4123,0000;49,1136;4,9000;1252,3325;3,1493;1,9195;3,1274;9,8818;73,8782;1,0421
17;TO;Tocantins;Norte;2;Rede folgada;2025-06-01;2025-06;2025;6;True;False;1586859;9711,0000;9711,0000;47160,0000;269,0000;12412307,4300;30;2755,0000;302,0000;3057,0000;4124,0000;51,4230;4,9000;1278,1699;2,7701;1,9264;3,1766;9,8790;74,1271;1,0624
17;TO;Tocantins;Norte;2;Rede folgada;2025-07-01;2025-07;2025;7;True;False;1586859;9478,0000;9478,0000;48510,0000;427,0000;13144531,8500;31;2762,0000;302,0000;3064,0000;4128,0000;51,0718;5,1000;1386,8466;4,5052;1,9309;3,0933;9,8564;74,2248;1,0369
17;TO;Tocantins;Norte;2;Rede folgada;2025-08-01;2025-08;2025;8;True;False;1586859;9466,0000;9466,0000;50831,0000;318,0000;11891307,1000;31;2718,0000;304,0000;3022,0000;4031,0000;54,2591;5,4000;1256,2125;3,3594;1,9044;3,1324;10,0596;74,9690;1,0356
17;TO;Tocantins;Norte;2;Rede folgada;2025-09-01;2025-09;2025;9;True;False;1586859;9104,0000;9104,0000;46414,0000;431,0000;13062907,7100;30;2713,0000;302,0000;3015,0000;4025,0000;51,3145;5,1000;1434,8537;4,7342;1,9000;3,0196;10,0166;74,9068;0,9960
17;TO;Tocantins;Norte;2;Rede folgada;2025-10-01;2025-10;2025;10;True;False;1586859;9302,0000;9302,0000;47796,0000;303,0000;11647566,4400;31;2709,0000;302,0000;3011,0000;4021,0000;51,2058;5,1000;1252,1572;3,2574;1,8975;3,0893;10,0299;74,8819;1,0176
17;TO;Tocantins;Norte;2;Rede folgada;2025-11-01;2025-11;2025;11;True;False;1586859;8338,0000;8338,0000;41963,0000;241,0000;10833613,7500;30;2742,0000;303,0000;3045,0000;4065,0000;45,9365;5,0000;1299,3060;2,8904;1,9189;2,7383;9,9507;74,9077;0,9122
17;TO;Tocantins;Norte;2;Rede folgada;2025-12-01;2025-12;2025;12;True;False;1586859;7768,0000;7768,0000;38366,0000;314,0000;9759133,4500;31;2730,0000;334,0000;3064,0000;4023,0000;40,3921;4,9000;1256,3251;4,0422;1,9309;2,5352;10,9008;76,1621;0,8498
17;TO;Tocantins;Norte;2;Rede folgada;2026-01-01;2026-01;2026;1;False;False;1586859;8884,0000;8884,0000;42003,0000;389,0000;10986905,3400;31;2777,0000;334,0000;3111,0000;4084,0000;43,5531;4,7000;1236,7070;4,3787;1,9605;2,8557;10,7361;76,1753;0,9719
17;TO;Tocantins;Norte;2;Rede folgada;2026-02-01;2026-02;2026;2;False;False;1586859;9024,0000;9024,0000;43912,0000;287,0000;11726404,5600;28;2777,0000;334,0000;3111,0000;4182,0000;50,4110;4,9000;1299,4686;3,1804;1,9605;2,9007;10,7361;74,3902;0,9872
17;TO;Tocantins;Norte;2;Rede folgada;2026-03-01;2026-03;2026;3;False;False;1586859;9574,0000;9574,0000;48274,0000;364,0000;13049877,8800;31;2870,0000;334,0000;3204,0000;4260,0000;48,6026;5,0000;1363,0539;3,8020;2,0191;2,9881;10,4245;75,2113;1,0474
17;TO;Tocantins;Norte;2;Rede folgada;2026-04-01;2026-04;2026;4;False;False;1586859;9167,0000;9167,0000;47832,0000;260,0000;11388125,3100;30;2870,0000;334,0000;3204,0000;4290,0000;49,7628;5,2000;1242,2958;2,8363;2,0191;2,8611;10,4245;74,6853;1,0028
17;TO;Tocantins;Norte;2;Rede folgada;2026-05-01;2026-05;2026;5;False;False;1586859;10204,0000;10204,0000;50872,0000;412,0000;13997990,5000;31;2921,0000;335,0000;3256,0000;4368,0000;50,4003;5,0000;1371,8140;4,0376;2,0519;3,1339;10,2887;74,5421;1,1163
17;TO;Tocantins;Norte;2;Rede folgada;2026-06-01;2026-06;2026;6;False;True;1586859;845,0000;845,0000;3488,0000;6,0000;891593,8800;30;2921,0000;335,0000;3256,0000;4401,0000;3,5708;4,1000;1055,1407;0,7101;2,0519;0,2595;10,2887;73,9832;0,0924
21;MA;Maranhão;Nordeste;2;Rede folgada;2025-01-01;2025-01;2025;1;True;False;7018211;41684,0000;41327,0000;211129,0000;1243,0000;44572010,7700;31;13057,0000;1272,0000;14329,0000;16896,0000;47,5303;5,1000;1069,2834;2,9820;2,0417;2,9091;8,8771;84,8071;0,9964
21;MA;Maranhão;Nordeste;2;Rede folgada;2025-02-01;2025-02;2025;2;True;False;7018211;39185,0000;38819,0000;195072,0000;1160,0000;41011194,8500;28;13084,0000;1281,0000;14365,0000;16934,0000;48,4988;5,0000;1046,6044;2,9603;2,0468;2,7278;8,9175;84,8293;0,9367
21;MA;Maranhão;Nordeste;2;Rede folgada;2025-03-01;2025-03;2025;3;True;False;7018211;41505,0000;40977,0000;213641,0000;1251,0000;45971555,3300;31;13049,0000;1283,0000;14332,0000;16905,0000;48,0857;5,2000;1107,6149;3,0141;2,0421;2,8960;8,9520;84,7797;0,9921
21;MA;Maranhão;Nordeste;2;Rede folgada;2025-04-01;2025-04;2025;4;True;False;7018211;42493,0000;42083,0000;208126,0000;1195,0000;45843303,1700;30;13083,0000;1288,0000;14371,0000;16944,0000;48,2745;4,9000;1078,8436;2,8122;2,0477;2,9569;8,9625;84,8147;1,0158
21;MA;Maranhão;Nordeste;2;Rede folgada;2025-05-01;2025-05;2025;5;True;False;7018211;44492,0000;44089,0000;223733,0000;1354,0000;49105190,7700;31;13202,0000;1315,0000;14517,0000;17056,0000;49,7155;5,1000;1103,6858;3,0432;2,0685;3,0648;9,0583;85,1137;1,0635
21;MA;Maranhão;Nordeste;2;Rede folgada;2025-06-01;2025-06;2025;6;True;False;7018211;44134,0000;43752,0000;221213,0000;1394,0000;48391335,3400;30;13222,0000;1315,0000;14537,0000;17114,0000;50,7241;5,1000;1096,4638;3,1586;2,0713;3,0360;9,0459;84,9422;1,0550
21;MA;Maranhão;Nordeste;2;Rede folgada;2025-07-01;2025-07;2025;7;True;False;7018211;44191,0000;43817,0000;221474,0000;1313,0000;50120668,7000;31;13219,0000;1317,0000;14536,0000;17130,0000;49,1492;5,1000;1134,1827;2,9712;2,0712;3,0401;9,0603;84,8570;1,0563
21;MA;Maranhão;Nordeste;2;Rede folgada;2025-08-01;2025-08;2025;8;True;False;7018211;42849,0000;42433,0000;214158,0000;1250,0000;47977350,5900;31;13158,0000;1313,0000;14471,0000;17093,0000;47,7391;5,0000;1119,6843;2,9172;2,0619;2,9610;9,0733;84,6604;1,0243
21;MA;Maranhão;Nordeste;2;Rede folgada;2025-09-01;2025-09;2025;9;True;False;7018211;43689,0000;43286,0000;216592,0000;1289,0000;50963150,7400;30;13177,0000;1309,0000;14486,0000;17103,0000;49,8394;5,0000;1166,4984;2,9504;2,0641;3,0159;9,0363;84,6986;1,0443
21;MA;Maranhão;Nordeste;2;Rede folgada;2025-10-01;2025-10;2025;10;True;False;7018211;43078,0000;42713,0000;210783,0000;1233,0000;48818008,9000;31;13180,0000;1314,0000;14494,0000;17109,0000;46,9122;4,9000;1133,2469;2,8622;2,0652;2,9721;9,0658;84,7156;1,0297
21;MA;Maranhão;Nordeste;2;Rede folgada;2025-11-01;2025-11;2025;11;True;False;7018211;41984,0000;41621,0000;203848,0000;1182,0000;46957517,3300;30;13194,0000;1317,0000;14511,0000;17122,0000;46,8261;4,9000;1118,4622;2,8154;2,0676;2,8933;9,0759;84,7506;1,0036
21;MA;Maranhão;Nordeste;2;Rede folgada;2025-12-01;2025-12;2025;12;True;False;7018211;40204,0000;39755,0000;199364,0000;1251,0000;45750858,9900;31;13354,0000;1334,0000;14688,0000;17269,0000;43,7847;5,0000;1137,9678;3,1116;2,0928;2,7372;9,0822;85,0541;0,9610
21;MA;Maranhão;Nordeste;2;Rede folgada;2026-01-01;2026-01;2026;1;False;False;7018211;41122,0000;40638,0000;202627,0000;1197,0000;49580723,6000;31;13347,0000;1332,0000;14679,0000;17254,0000;44,5286;5,0000;1205,6983;2,9109;2,0916;2,8014;9,0742;85,0759;0,9830
21;MA;Maranhão;Nordeste;2;Rede folgada;2026-02-01;2026-02;2026;2;False;False;7018211;38627,0000;38144,0000;192430,0000;1180,0000;44694454,5500;28;13339,0000;1335,0000;14674,0000;17171,0000;46,8345;5,0000;1157,0781;3,0549;2,0908;2,6323;9,0977;85,4580;0,9233
21;MA;Maranhão;Nordeste;2;Rede folgada;2026-03-01;2026-03;2026;3;False;False;7018211;42816,0000;42301,0000;215079,0000;1412,0000;52472985,3900;31;13300,0000;1355,0000;14655,0000;17148,0000;47,3424;5,1000;1225,5462;3,2978;2,0881;2,9216;9,2460;85,4619;1,0235
21;MA;Maranhão;Nordeste;2;Rede folgada;2026-04-01;2026-04;2026;4;False;False;7018211;40324,0000;39802,0000;207326,0000;1398,0000;48427555,3900;30;13301,0000;1355,0000;14656,0000;17151,0000;47,1538;5,2000;1200,9611;3,4669;2,0883;2,7514;9,2454;85,4527;0,9639
21;MA;Maranhão;Nordeste;2;Rede folgada;2026-05-01;2026-05;2026;5;False;False;7018211;38538,0000;38007,0000;201907,0000;1350,0000;48452957,0600;31;13305,0000;1357,0000;14662,0000;17139,0000;44,4218;5,3000;1257,2774;3,5030;2,0891;2,6284;9,2552;85,5476;0,9212
21;MA;Maranhão;Nordeste;2;Rede folgada;2026-06-01;2026-06;2026;6;False;False;7018211;33036,0000;32513,0000;182985,0000;1197,0000;43208747,3600;30;13312,0000;1357,0000;14669,0000;17149,0000;41,5809;5,6000;1307,9291;3,6233;2,0901;2,2521;9,2508;85,5385;0,7897
22;PI;Piauí;Nordeste;2;Rede folgada;2025-01-01;2025-01;2025;1;True;False;3384547;19036,0000;18919,0000;98194,0000;699,0000;23255871,3500;31;6127,0000;515,0000;6642,0000;8192,0000;47,6897;5,2000;1221,6785;3,6720;1,9624;2,8660;7,7537;81,0791;1,0195
22;PI;Piauí;Nordeste;2;Rede folgada;2025-02-01;2025-02;2025;2;True;False;3384547;17055,0000;16932,0000;88457,0000;630,0000;20722631,7400;28;6115,0000;509,0000;6624,0000;8172,0000;47,6929;5,2000;1215,0473;3,6939;1,9571;2,5747;7,6842;81,0573;0,9134
22;PI;Piauí;Nordeste;2;Rede folgada;2025-03-01;2025-03;2025;3;True;False;3384547;18468,0000;18339,0000;96517,0000;716,0000;23070895,0400;31;6181,0000;508,0000;6689,0000;8237,0000;46,5458;5,3000;1249,2362;3,8770;1,9763;2,7610;7,5946;81,2068;0,9891
22;PI;Piauí;Nordeste;2;Rede folgada;2025-04-01;2025-04;2025;4;True;False;3384547;17687,0000;17558,0000;88841,0000;647,0000;21843276,6200;30;6202,0000;505,0000;6707,0000;8236,0000;44,1534;5,1000;1234,9905;3,6581;1,9817;2,6371;7,5294;81,4352;0,9472
22;PI;Piauí;Nordeste;2;Rede folgada;2025-05-01;2025-05;2025;5;True;False;3384547;19216,0000;19083,0000;99050,0000;684,0000;24868016,0500;31;6108,0000;509,0000;6617,0000;8170,0000;48,2872;5,2000;1294,1307;3,5595;1,9551;2,9040;7,6923;80,9914;1,0291
22;PI;Piauí;Nordeste;2;Rede folgada;2025-06-01;2025-06;2025;6;True;False;3384547;19293,0000;19176,0000;97801,0000;709,0000;25544720,5000;30;6098,0000;512,0000;6610,0000;8172,0000;49,3197;5,1000;1324,0409;3,6749;1,9530;2,9188;7,7458;80,8860;1,0333
22;PI;Piauí;Nordeste;2;Rede folgada;2025-07-01;2025-07;2025;7;True;False;3384547;19503,0000;19376,0000;97992,0000;675,0000;25452533,5900;31;6111,0000;512,0000;6623,0000;8185,0000;47,7281;5,1000;1305,0574;3,4610;1,9568;2,9447;7,7306;80,9163;1,0445
22;PI;Piauí;Nordeste;2;Rede folgada;2025-08-01;2025-08;2025;8;True;False;3384547;18952,0000;18838,0000;93770,0000;661,0000;25139477,4100;31;6039,0000;500,0000;6539,0000;8010,0000;46,2584;5,0000;1326,4815;3,4878;1,9320;2,8983;7,6464;81,6355;1,0150
22;PI;Piauí;Nordeste;2;Rede folgada;2025-09-01;2025-09;2025;9;True;False;3384547;17236,0000;17236,0000;77236,0000;647,0000;19915732,3100;30;6129,0000;506,0000;6635,0000;8095,0000;38,8023;4,5000;1155,4730;3,7538;1,9604;2,5977;7,6262;81,9642;0,9231
22;PI;Piauí;Nordeste;2;Rede folgada;2025-10-01;2025-10;2025;10;True;False;3384547;19901,0000;19901,0000;91166,0000;709,0000;25003967,5700;31;6118,0000;508,0000;6626,0000;8012,0000;44,3833;4,6000;1256,4176;3,5626;1,9577;3,0035;7,6668;82,7009;1,0658
22;PI;Piauí;Nordeste;2;Rede folgada;2025-11-01;2025-11;2025;11;True;False;3384547;18131,0000;18019,0000;87749,0000;612,0000;22887740,7600;30;6134,0000;510,0000;6644,0000;8040,0000;44,0242;4,9000;1262,3540;3,3754;1,9630;2,7289;7,6761;82,6368;0,9710
22;PI;Piauí;Nordeste;2;Rede folgada;2025-12-01;2025-12;2025;12;True;False;3384547;19014,0000;18898,0000;97551,0000;752,0000;24560044,7200;31;6162,0000;513,0000;6675,0000;8121,0000;47,1432;5,2000;1291,6822;3,9550;1,9722;2,8485;7,6854;82,1943;1,0183
22;PI;Piauí;Nordeste;2;Rede folgada;2026-01-01;2026-01;2026;1;False;False;3384547;19652,0000;19531,0000;94621,0000;678,0000;26775557,5000;31;6124,0000;507,0000;6631,0000;8039,0000;46,0306;4,8000;1362,4851;3,4500;1,9592;2,9637;7,6459;82,4854;1,0525
22;PI;Piauí;Nordeste;2;Rede folgada;2026-02-01;2026-02;2026;2;False;False;3384547;18035,0000;17915,0000;89439,0000;638,0000;25524015,3600;28;6129,0000;507,0000;6636,0000;8047,0000;48,1352;5,0000;1415,2490;3,5376;1,9607;2,7178;7,6401;82,4655;0,9659
22;PI;Piauí;Nordeste;2;Rede folgada;2026-03-01;2026-03;2026;3;False;False;3384547;18254,0000;18124,0000;91121,0000;704,0000;24626643,1700;31;6129,0000;507,0000;6636,0000;8047,0000;44,2946;5,0000;1349,1094;3,8567;1,9607;2,7508;7,6401;82,4655;0,9776
22;PI;Piauí;Nordeste;2;Rede folgada;2026-04-01;2026-04;2026;4;False;False;3384547;17669,0000;17554,0000;91490,0000;692,0000;24581829,9700;30;6152,0000;506,0000;6658,0000;8073,0000;45,8045;5,2000;1391,2406;3,9165;1,9672;2,6538;7,5999;82,4724;0,9463
22;PI;Piauí;Nordeste;2;Rede folgada;2026-05-01;2026-05;2026;5;False;False;3384547;18876,0000;18752,0000;92512,0000;672,0000;26374110,9900;31;6148,0000;507,0000;6655,0000;8073,0000;44,8423;4,9000;1397,2299;3,5601;1,9663;2,8364;7,6183;82,4353;1,0109
22;PI;Piauí;Nordeste;2;Rede folgada;2026-06-01;2026-06;2026;6;False;False;3384547;16948,0000;16825,0000;89791,0000;674,0000;25280754,7400;30;6147,0000;507,0000;6654,0000;8031,0000;44,9810;5,3000;1491,6660;3,9769;1,9660;2,5470;7,6195;82,8539;0,9077
23;CE;Ceará;Nordeste;1;Baixa rotatividade;2025-01-01;2025-01;2025;1;True;False;9268836;45944,0000;45585,0000;277687,0000;2113,0000;70298276,3000;31;15546,0000;1804,0000;17350,0000;22315,0000;51,6291;6,1000;1530,0861;4,5991;1,8719;2,6481;10,3977;77,7504;0,9199
23;CE;Ceará;Nordeste;1;Baixa rotatividade;2025-02-01;2025-02;2025;2;True;False;9268836;45200,0000;44773,0000;263732,0000;1857,0000;69418258,8500;28;15613,0000;1807,0000;17420,0000;22379,0000;54,0700;5,9000;1535,8022;4,1084;1,8794;2,5947;10,3731;77,8408;0,9050
23;CE;Ceará;Nordeste;1;Baixa rotatividade;2025-03-01;2025-03;2025;3;True;False;9268836;48113,0000;47750,0000;280026,0000;1928,0000;73734980,2000;31;15698,0000;1798,0000;17496,0000;22500,0000;51,6295;5,9000;1532,5376;4,0072;1,8876;2,7499;10,2766;77,7600;0,9633
23;CE;Ceará;Nordeste;1;Baixa rotatividade;2025-04-01;2025-04;2025;4;True;False;9268836;49533,0000;49152,0000;279099,0000;1934,0000;72742059,8400;30;15746,0000;1798,0000;17544,0000;22556,0000;53,0284;5,7000;1468,5575;3,9045;1,8928;2,8234;10,2485;77,7797;0,9917
23;CE;Ceará;Nordeste;1;Baixa rotatividade;2025-05-01;2025-05;2025;5;True;False;9268836;54229,0000;53849,0000;313284,0000;2226,0000;79130869,3600;31;15791,0000;1827,0000;17618,0000;22620,0000;57,3614;5,8000;1459,1984;4,1048;1,9008;3,0780;10,3701;77,8868;1,0858
23;CE;Ceará;Nordeste;1;Baixa rotatividade;2025-06-01;2025-06;2025;6;True;False;9268836;50392,0000;49978,0000;282690,0000;1894,0000;75301027,2200;30;15867,0000;1827,0000;17694,0000;22738,0000;53,2553;5,7000;1494,3052;3,7585;1,9090;2,8480;10,3255;77,8169;1,0089
23;CE;Ceará;Nordeste;1;Baixa rotatividade;2025-07-01;2025-07;2025;7;True;False;9268836;50832,0000;50415,0000;285811,0000;1943,0000;75339203,2400;31;15869,0000;1831,0000;17700,0000;22837,0000;52,0888;5,7000;1482,1216;3,8224;1,9096;2,8719;10,3446;77,5058;1,0177
23;CE;Ceará;Nordeste;1;Baixa rotatividade;2025-08-01;2025-08;2025;8;True;False;9268836;50122,0000;49700,0000;282324,0000;1925,0000;78010797,7500;31;15901,0000;1842,0000;17743,0000;22931,0000;51,3286;5,7000;1556,4183;3,8406;1,9143;2,8249;10,3816;77,3756;1,0035
23;CE;Ceará;Nordeste;1;Baixa rotatividade;2025-09-01;2025-09;2025;9;True;False;9268836;53075,0000;52713,0000;304517,0000;2112,0000;86529567,5800;30;16056,0000;1864,0000;17920,0000;23165,0000;56,6438;5,8000;1630,3263;3,9793;1,9334;2,9618;10,4018;77,3581;1,0626
23;CE;Ceará;Nordeste;1;Baixa rotatividade;2025-10-01;2025-10;2025;10;True;False;9268836;52261,0000;51834,0000;297550,0000;1946,0000;87156488,7200;31;16060,0000;1863,0000;17923,0000;23105,0000;53,5535;5,7000;1667,7157;3,7236;1,9337;2,9159;10,3945;77,5720;1,0464
23;CE;Ceará;Nordeste;1;Baixa rotatividade;2025-11-01;2025-11;2025;11;True;False;9268836;49770,0000;49378,0000;285241,0000;1805,0000;86208728,6100;30;16178,0000;1863,0000;18041,0000;23362,0000;52,7024;5,8000;1732,1424;3,6267;1,9464;2,7587;10,3265;77,2237;0,9965
23;CE;Ceará;Nordeste;1;Baixa rotatividade;2025-12-01;2025-12;2025;12;True;False;9268836;48461,0000;48118,0000;274683,0000;1924,0000;77723892,4800;31;16141,0000;1863,0000;18004,0000;23318,0000;49,2154;5,7000;1603,8442;3,9702;1,9424;2,6917;10,3477;77,2107;0,9703
23;CE;Ceará;Nordeste;1;Baixa rotatividade;2026-01-01;2026-01;2026;1;False;False;9268836;48963,0000;48637,0000;282343,0000;2064,0000;78797901,3400;31;15964,0000;1855,0000;17819,0000;23040,0000;51,1131;5,8000;1609,3356;4,2154;1,9225;2,7478;10,4102;77,3394;0,9803
23;CE;Ceará;Nordeste;1;Baixa rotatividade;2026-02-01;2026-02;2026;2;False;False;9268836;46573,0000;46201,0000;261977,0000;1846,0000;74165744,7600;28;15944,0000;1855,0000;17799,0000;23014,0000;52,5666;5,7000;1592,4623;3,9637;1,9203;2,6166;10,4219;77,3399;0,9325
23;CE;Ceará;Nordeste;1;Baixa rotatividade;2026-03-01;2026-03;2026;3;False;False;9268836;52992,0000;52606,0000;293786,0000;2178,0000;85944314,5400;31;15938,0000;1865,0000;17803,0000;22917,0000;53,2324;5,6000;1621,8356;4,1101;1,9207;2,9766;10,4758;77,6847;1,0610
23;CE;Ceará;Nordeste;1;Baixa rotatividade;2026-04-01;2026-04;2026;4;False;False;9268836;49667,0000;49255,0000;278647,0000;1914,0000;81751502,8300;30;15969,0000;1879,0000;17848,0000;22906,0000;52,0408;5,7000;1645,9924;3,8537;1,9256;2,7828;10,5278;77,9184;0,9944
23;CE;Ceará;Nordeste;1;Baixa rotatividade;2026-05-01;2026-05;2026;5;False;False;9268836;53661,0000;53275,0000;298019,0000;2091,0000;92496843,5300;31;16022,0000;1836,0000;17858,0000;22998,0000;53,8331;5,6000;1723,7257;3,8967;1,9267;3,0049;10,2811;77,6502;1,0744
23;CE;Ceará;Nordeste;1;Baixa rotatividade;2026-06-01;2026-06;2026;6;False;False;9268836;53245,0000;52819,0000;300892,0000;2066,0000;94664330,5100;30;16075,0000;1902,0000;17977,0000;23151,0000;55,7920;5,7000;1777,9008;3,8802;1,9395;2,9618;10,5802;77,6511;1,0661
24;RN;Rio Grande do Norte;Nordeste;2;Rede folgada;2025-01-01;2025-01;2025;1;True;False;3455236;17947,0000;17872,0000;87407,0000;681,0000;34392409,4500;31;6221,0000;684,0000;6905,0000;8873,0000;40,8339;4,9000;1916,3319;3,7945;1,9984;2,5991;9,9059;77,8204;0,9734
24;RN;Rio Grande do Norte;Nordeste;2;Rede folgada;2025-02-01;2025-02;2025;2;True;False;3455236;17891,0000;17811,0000;82142,0000;631,0000;32823427,6600;28;6204,0000;694,0000;6898,0000;8859,0000;42,5289;4,6000;1834,6335;3,5269;1,9964;2,5937;10,0609;77,8643;0,9704
24;RN;Rio Grande do Norte;Nordeste;2;Rede folgada;2025-03-01;2025-03;2025;3;True;False;3455236;18602,0000;18520,0000;88765,0000;760,0000;35945850,3300;31;6197,0000;694,0000;6891,0000;8836,0000;41,5526;4,8000;1932,3648;4,0856;1,9944;2,6995;10,0711;77,9878;1,0089
24;RN;Rio Grande do Norte;Nordeste;2;Rede folgada;2025-04-01;2025-04;2025;4;True;False;3455236;18675,0000;18597,0000;84556,0000;676,0000;33664203,9100;30;6221,0000;687,0000;6908,0000;8843,0000;40,8010;4,5000;1802,6347;3,6198;1,9993;2,7034;9,9450;78,1183;1,0129
24;RN;Rio Grande do Norte;Nordeste;2;Rede folgada;2025-05-01;2025-05;2025;5;True;False;3455236;20311,0000;20227,0000;95162,0000;807,0000;38861979,6800;31;6210,0000;687,0000;6897,0000;8851,0000;44,5084;4,7000;1913,3464;3,9732;1,9961;2,9449;9,9609;77,9234;1,1016
24;RN;Rio Grande do Norte;Nordeste;2;Rede folgada;2025-06-01;2025-06;2025;6;True;False;3455236;19291,0000;19216,0000;89388,0000;697,0000;36718351,3700;30;6203,0000;687,0000;6890,0000;8864,0000;43,2453;4,7000;1903,3928;3,6131;1,9941;2,7999;9,9710;77,7301;1,0463
24;RN;Rio Grande do Norte;Nordeste;2;Rede folgada;2025-07-01;2025-07;2025;7;True;False;3455236;20225,0000;20144,0000;93669,0000;754,0000;38544494,8100;31;6213,0000;687,0000;6900,0000;8915,0000;43,7910;4,6000;1905,7847;3,7281;1,9970;2,9312;9,9565;77,3976;1,0970
24;RN;Rio Grande do Norte;Nordeste;2;Rede folgada;2025-08-01;2025-08;2025;8;True;False;3455236;19378,0000;19299,0000;89000,0000;712,0000;38046633,5700;31;6230,0000;687,0000;6917,0000;9046,0000;41,5060;4,6000;1963,3932;3,6743;2,0019;2,8015;9,9321;76,4647;1,0510
24;RN;Rio Grande do Norte;Nordeste;2;Rede folgada;2025-09-01;2025-09;2025;9;True;False;3455236;18940,0000;18852,0000;88441,0000;671,0000;37526730,7200;30;6231,0000;688,0000;6919,0000;9059,0000;42,6078;4,7000;1981,3480;3,5428;2,0025;2,7374;9,9436;76,3771;1,0273
24;RN;Rio Grande do Norte;Nordeste;2;Rede folgada;2025-10-01;2025-10;2025;10;True;False;3455236;18364,0000;18285,0000;84606,0000;638,0000;36049884,5700;31;6209,0000;684,0000;6893,0000;8997,0000;39,5942;4,6000;1963,0737;3,4742;1,9949;2,6642;9,9231;76,6144;0,9960
24;RN;Rio Grande do Norte;Nordeste;2;Rede folgada;2025-11-01;2025-11;2025;11;True;False;3455236;18141,0000;18060,0000;83787,0000;652,0000;34654339,6200;30;6209,0000;684,0000;6893,0000;8978,0000;40,5179;4,6000;1910,2773;3,5941;1,9949;2,6318;9,9231;76,7766;0,9839
24;RN;Rio Grande do Norte;Nordeste;2;Rede folgada;2025-12-01;2025-12;2025;12;True;False;3455236;17690,0000;17607,0000;84394,0000;639,0000;35440994,5200;31;6223,0000;684,0000;6907,0000;8938,0000;39,4149;4,8000;2003,4480;3,6122;1,9990;2,5612;9,9030;77,2768;0,9595
24;RN;Rio Grande do Norte;Nordeste;2;Rede folgada;2026-01-01;2026-01;2026;1;False;False;3455236;17818,0000;17739,0000;90816,0000;726,0000;33067115,0300;31;6215,0000;680,0000;6895,0000;8933,0000;42,4880;5,1000;1855,8264;4,0745;1,9955;2,5842;9,8622;77,1857;0,9664
24;RN;Rio Grande do Norte;Nordeste;2;Rede folgada;2026-02-01;2026-02;2026;2;False;False;3455236;16670,0000;16589,0000;83249,0000;607,0000;33037765,5600;28;6226,0000;687,0000;6913,0000;8950,0000;43,0085;5,0000;1981,8696;3,6413;2,0007;2,4114;9,9378;77,2402;0,9042
24;RN;Rio Grande do Norte;Nordeste;2;Rede folgada;2026-03-01;2026-03;2026;3;False;False;3455236;18687,0000;18608,0000;87171,0000;733,0000;36441603,1600;31;6284,0000;687,0000;6971,0000;8962,0000;40,3381;4,7000;1950,1045;3,9225;2,0175;2,6807;9,8551;77,7840;1,0136
24;RN;Rio Grande do Norte;Nordeste;2;Rede folgada;2026-04-01;2026-04;2026;4;False;False;3455236;18285,0000;18209,0000;87497,0000;702,0000;37710636,1900;30;6220,0000;688,0000;6908,0000;8934,0000;42,2201;4,8000;2062,3810;3,8392;1,9993;2,6469;9,9595;77,3226;0,9918
24;RN;Rio Grande do Norte;Nordeste;2;Rede folgada;2026-05-01;2026-05;2026;5;False;False;3455236;18510,0000;18415,0000;89179,0000;756,0000;39610530,6100;31;6249,0000;699,0000;6948,0000;8901,0000;41,4039;4,8000;2139,9530;4,0843;2,0109;2,6641;10,0604;78,0586;1,0040
24;RN;Rio Grande do Norte;Nordeste;2;Rede folgada;2026-06-01;2026-06;2026;6;False;False;3455236;18330,0000;18242,0000;87311,0000;652,0000;38897889,1700;30;6279,0000;703,0000;6982,0000;9138,0000;41,6839;4,8000;2122,0889;3,5570;2,0207;2,6253;10,0687;76,4062;0,9942
25;PB;Paraíba;Nordeste;1;Baixa rotatividade;2025-01-01;2025-01;2025;1;True;False;4164468;20025,0000;19845,0000;106555,0000;1195,0000;39076999,6200;31;7489,0000;971,0000;8460,0000;11085,0000;40,6295;5,4000;1951,4107;5,9675;2,0315;2,3670;11,4775;76,3194;0,9340
25;PB;Paraíba;Nordeste;1;Baixa rotatividade;2025-02-01;2025-02;2025;2;True;False;4164468;19484,0000;19274,0000;100520,0000;971,0000;40959565,3400;28;7478,0000;961,0000;8439,0000;11066,0000;42,5406;5,2000;2102,2154;4,9836;2,0264;2,3088;11,3876;76,2606;0,9088
25;PB;Paraíba;Nordeste;1;Baixa rotatividade;2025-03-01;2025-03;2025;3;True;False;4164468;21501,0000;21297,0000;111508,0000;1038,0000;42618588,4500;31;7445,0000;965,0000;8410,0000;11053,0000;42,7709;5,2000;1982,1677;4,8277;2,0195;2,5566;11,4744;76,0879;1,0029
25;PB;Paraíba;Nordeste;1;Baixa rotatividade;2025-04-01;2025-04;2025;4;True;False;4164468;21058,0000;20840,0000;109266,0000;929,0000;41590219,3300;30;7460,0000;965,0000;8425,0000;11102,0000;43,2309;5,2000;1975,0318;4,4116;2,0231;2,4995;11,4540;75,8872;0,9822
25;PB;Paraíba;Nordeste;1;Baixa rotatividade;2025-05-01;2025-05;2025;5;True;False;4164468;22266,0000;22056,0000;117311,0000;1041,0000;43130154,6900;31;7500,0000;955,0000;8455,0000;11259,0000;44,7573;5,3000;1937,0410;4,6753;2,0303;2,6335;11,2951;75,0955;1,0386
25;PB;Paraíba;Nordeste;1;Baixa rotatividade;2025-06-01;2025-06;2025;6;True;False;4164468;22325,0000;22110,0000;118778,0000;1123,0000;45676228,1600;30;7516,0000;955,0000;8471,0000;11275,0000;46,7391;5,4000;2045,9677;5,0302;2,0341;2,6355;11,2738;75,1308;1,0413
25;PB;Paraíba;Nordeste;1;Baixa rotatividade;2025-07-01;2025-07;2025;7;True;False;4164468;22818,0000;22606,0000;122072,0000;1199,0000;49289711,2600;31;7529,0000;955,0000;8484,0000;11286,0000;46,4145;5,4000;2160,1241;5,2546;2,0372;2,6895;11,2565;75,1728;1,0643
25;PB;Paraíba;Nordeste;1;Baixa rotatividade;2025-08-01;2025-08;2025;8;True;False;4164468;23199,0000;23003,0000;124977,0000;1216,0000;50194216,8500;31;7528,0000;953,0000;8481,0000;11283,0000;47,5359;5,4000;2163,6371;5,2416;2,0365;2,7354;11,2369;75,1662;1,0821
25;PB;Paraíba;Nordeste;1;Baixa rotatividade;2025-09-01;2025-09;2025;9;True;False;4164468;22458,0000;22229,0000;117813,0000;1085,0000;49162706,7700;30;7478,0000;954,0000;8432,0000;11237,0000;46,5738;5,3000;2189,0955;4,8312;2,0247;2,6634;11,3140;75,0378;1,0475
25;PB;Paraíba;Nordeste;1;Baixa rotatividade;2025-10-01;2025-10;2025;10;True;False;4164468;23150,0000;22942,0000;118815,0000;1091,0000;57206602,1700;31;7415,0000;958,0000;8373,0000;11164,0000;45,7750;5,2000;2471,1275;4,7127;2,0106;2,7648;11,4415;75,0000;1,0798
25;PB;Paraíba;Nordeste;1;Baixa rotatividade;2025-11-01;2025-11;2025;11;True;False;4164468;20585,0000;20384,0000;112038,0000;1120,0000;47414960,1000;30;7496,0000;965,0000;8461,0000;11307,0000;44,1390;5,5000;2303,3743;5,4409;2,0317;2,4329;11,4053;74,8298;0,9601
25;PB;Paraíba;Nordeste;1;Baixa rotatividade;2025-12-01;2025-12;2025;12;True;False;4164468;19248,0000;19040,0000;109062,0000;988,0000;41139002,5400;31;7540,0000;965,0000;8505,0000;11352,0000;41,3654;5,7000;2137,3131;5,1330;2,0423;2,2631;11,3463;74,9207;0,8978
25;PB;Paraíba;Nordeste;1;Baixa rotatividade;2026-01-01;2026-01;2026;1;False;False;4164468;20851,0000;20646,0000;115476,0000;1062,0000;49037509,1500;31;7554,0000;925,0000;8479,0000;11338,0000;43,9324;5,6000;2351,8061;5,0933;2,0360;2,4591;10,9093;74,7839;0,9726
25;PB;Paraíba;Nordeste;1;Baixa rotatividade;2026-02-01;2026-02;2026;2;False;False;4164468;19591,0000;19393,0000;101546,0000;991,0000;46982350,2800;28;7558,0000;951,0000;8509,0000;11359,0000;42,6213;5,2000;2398,1599;5,0584;2,0432;2,3024;11,1764;74,9098;0,9138
25;PB;Paraíba;Nordeste;1;Baixa rotatividade;2026-03-01;2026-03;2026;3;False;False;4164468;23195,0000;22978,0000;120620,0000;1208,0000;55291322,0500;31;7566,0000;953,0000;8519,0000;11382,0000;45,6740;5,2000;2383,7604;5,2080;2,0456;2,7227;11,1868;74,8462;1,0819
25;PB;Paraíba;Nordeste;1;Baixa rotatividade;2026-04-01;2026-04;2026;4;False;False;4164468;22135,0000;21924,0000;112681,0000;1102,0000;52071351,3400;30;7543,0000;953,0000;8496,0000;11395,0000;44,2094;5,1000;2352,4442;4,9785;2,0401;2,6053;11,2170;74,5590;1,0324
25;PB;Paraíba;Nordeste;1;Baixa rotatividade;2026-05-01;2026-05;2026;5;False;False;4164468;21143,0000;20927,0000;111471,0000;1073,0000;52174188,7400;31;7547,0000;959,0000;8506,0000;11401,0000;42,2741;5,3000;2467,6814;5,0750;2,0425;2,4857;11,2744;74,6075;0,9862
25;PB;Paraíba;Nordeste;1;Baixa rotatividade;2026-06-01;2026-06;2026;6;False;False;4164468;21378,0000;21148,0000;114358,0000;1077,0000;56802256,1900;30;7611,0000;961,0000;8572,0000;11467,0000;44,4696;5,4000;2657,0426;5,0379;2,0584;2,4939;11,2109;74,7536;0,9971
26;PE;Pernambuco;Nordeste;2;Rede folgada;2025-01-01;2025-01;2025;1;True;False;9562007;52811,0000;52535,0000;269432,0000;2343,0000;91904755,4300;31;16572,0000;1779,0000;18351,0000;26694,0000;47,3618;5,1000;1740,2578;4,4366;1,9192;2,8778;9,6943;68,7458;0,9406
26;PE;Pernambuco;Nordeste;2;Rede folgada;2025-02-01;2025-02;2025;2;True;False;9562007;50419,0000;50056,0000;248824,0000;2107,0000;88194104,4200;28;16580,0000;1779,0000;18359,0000;26695,0000;48,4044;5,0000;1749,2236;4,1790;1,9200;2,7463;9,6901;68,7732;0,8980
26;PE;Pernambuco;Nordeste;2;Rede folgada;2025-03-01;2025-03;2025;3;True;False;9562007;53849,0000;53532,0000;276702,0000;2364,0000;95115610,2700;31;16525,0000;1771,0000;18296,0000;26834,0000;48,7859;5,2000;1766,3394;4,3901;1,9134;2,9432;9,6797;68,1822;0,9591
26;PE;Pernambuco;Nordeste;2;Rede folgada;2025-04-01;2025-04;2025;4;True;False;9562007;56353,0000;56014,0000;279841,0000;2263,0000;96678351,1400;30;16590,0000;1771,0000;18361,0000;26956,0000;50,8035;5,0000;1715,5848;4,0158;1,9202;3,0692;9,6454;68,1147;1,0037
26;PE;Pernambuco;Nordeste;2;Rede folgada;2025-05-01;2025-05;2025;5;True;False;9562007;58995,0000;58662,0000;293642,0000;2448,0000;103702482,2400;31;16527,0000;1801,0000;18328,0000;27148,0000;51,6822;5,0000;1757,8182;4,1495;1,9168;3,2188;9,8265;67,5114;1,0508
26;PE;Pernambuco;Nordeste;2;Rede folgada;2025-06-01;2025-06;2025;6;True;False;9562007;55198,0000;54899,0000;275959,0000;2406,0000;94094432,2400;30;16519,0000;1801,0000;18320,0000;27150,0000;50,2109;5,0000;1704,6710;4,3589;1,9159;3,0130;9,8308;67,4770;0,9832
26;PE;Pernambuco;Nordeste;2;Rede folgada;2025-07-01;2025-07;2025;7;True;False;9562007;57887,0000;57532,0000;291582,0000;2489,0000;103810945,1100;31;16190,0000;1787,0000;17977,0000;26865,0000;52,3217;5,1000;1793,3378;4,2998;1,8800;3,2201;9,9405;66,9161;1,0310
26;PE;Pernambuco;Nordeste;2;Rede folgada;2025-08-01;2025-08;2025;8;True;False;9562007;58867,0000;58554,0000;288001,0000;2448,0000;102390632,8700;31;16036,0000;1769,0000;17805,0000;26676,0000;52,1783;4,9000;1739,3554;4,1585;1,8621;3,3062;9,9354;66,7454;1,0485
26;PE;Pernambuco;Nordeste;2;Rede folgada;2025-09-01;2025-09;2025;9;True;False;9562007;58532,0000;58199,0000;287595,0000;2368,0000;101170686,5400;30;15939,0000;1760,0000;17699,0000;26622,0000;54,1641;4,9000;1728,4680;4,0457;1,8510;3,3071;9,9441;66,4826;1,0425
26;PE;Pernambuco;Nordeste;2;Rede folgada;2025-10-01;2025-10;2025;10;True;False;9562007;58387,0000;58050,0000;290936,0000;2386,0000;105782865,7400;31;15944,0000;1704,0000;17648,0000;26617,0000;53,1790;5,0000;1811,7537;4,0865;1,8456;3,3084;9,6555;66,3035;1,0400
26;PE;Pernambuco;Nordeste;2;Rede folgada;2025-11-01;2025-11;2025;11;True;False;9562007;55363,0000;55041,0000;274080,0000;2192,0000;99137669,3000;30;16092,0000;1756,0000;17848,0000;26770,0000;51,1878;5,0000;1790,6846;3,9593;1,8666;3,1019;9,8386;66,6716;0,9861
26;PE;Pernambuco;Nordeste;2;Rede folgada;2025-12-01;2025-12;2025;12;True;False;9562007;55935,0000;55619,0000;284449,0000;2377,0000;102253565,0800;31;16084,0000;1756,0000;17840,0000;26836,0000;51,4337;5,1000;1828,0784;4,2496;1,8657;3,1354;9,8430;66,4779;0,9963
26;PE;Pernambuco;Nordeste;2;Rede folgada;2026-01-01;2026-01;2026;1;False;False;9562007;52161,0000;51853,0000;270043,0000;2300,0000;98784388,8100;31;16169,0000;1755,0000;17924,0000;26765,0000;48,6000;5,2000;1893,8362;4,4094;1,8745;2,9101;9,7913;66,9681;0,9291
26;PE;Pernambuco;Nordeste;2;Rede folgada;2026-02-01;2026-02;2026;2;False;False;9562007;51391,0000;51040,0000;260618,0000;2063,0000;93368442,2400;28;16096,0000;1755,0000;17851,0000;26690,0000;52,1415;5,1000;1816,8248;4,0143;1,8669;2,8789;9,8314;66,8827;0,9153
26;PE;Pernambuco;Nordeste;2;Rede folgada;2026-03-01;2026-03;2026;3;False;False;9562007;58473,0000;58126,0000;290433,0000;2454,0000;112099465,4800;31;16021,0000;1755,0000;17776,0000;26607,0000;52,7048;5,0000;1917,1150;4,1968;1,8590;3,2894;9,8729;66,8095;1,0415
26;PE;Pernambuco;Nordeste;2;Rede folgada;2026-04-01;2026-04;2026;4;False;False;9562007;57182,0000;56845,0000;287151,0000;2436,0000;103343734,1000;30;16025,0000;1751,0000;17776,0000;26657,0000;53,8462;5,1000;1807,2774;4,2601;1,8590;3,2168;9,8504;66,6842;1,0185
26;PE;Pernambuco;Nordeste;2;Rede folgada;2026-05-01;2026-05;2026;5;False;False;9562007;58571,0000;58242,0000;297829,0000;2352,0000;110274685,2500;31;15987,0000;1751,0000;17738,0000;26489,0000;54,1627;5,1000;1882,7523;4,0156;1,8550;3,3020;9,8715;66,9636;1,0432
26;PE;Pernambuco;Nordeste;2;Rede folgada;2026-06-01;2026-06;2026;6;False;False;9562007;54297,0000;53956,0000;281233,0000;2197,0000;103832503,6100;30;16109,0000;1754,0000;17863,0000;26489,0000;52,4796;5,2000;1912,3065;4,0463;1,8681;3,0396;9,8192;67,4355;0,9671
27;AL;Alagoas;Nordeste;1;Baixa rotatividade;2025-01-01;2025-01;2025;1;True;False;3220848;13473,0000;13131,0000;84195,0000;690,0000;21873920,2400;31;5378,0000;745,0000;6123,0000;7722,0000;44,3568;6,4000;1623,5375;5,1214;1,9011;2,2004;12,1672;79,2929;0,8995
27;AL;Alagoas;Nordeste;1;Baixa rotatividade;2025-02-01;2025-02;2025;2;True;False;3220848;13863,0000;13527,0000;80336,0000;643,0000;22259558,0600;28;5331,0000;741,0000;6072,0000;7761,0000;47,2520;5,9000;1605,6812;4,6382;1,8852;2,2831;12,2036;78,2373;0,9256
27;AL;Alagoas;Nordeste;1;Baixa rotatividade;2025-03-01;2025-03;2025;3;True;False;3220848;14431,0000;14106,0000;84802,0000;607,0000;23522619,1100;31;5296,0000;735,0000;6031,0000;7841,0000;45,3581;6,0000;1630,0062;4,2062;1,8725;2,3928;12,1870;76,9162;0,9635
27;AL;Alagoas;Nordeste;1;Baixa rotatividade;2025-04-01;2025-04;2025;4;True;False;3220848;14383,0000;14054,0000;80830,0000;633,0000;22002017,3900;30;5345,0000;735,0000;6080,0000;7875,0000;44,3147;5,8000;1529,7238;4,4010;1,8877;2,3656;12,0888;77,2063;0,9603
27;AL;Alagoas;Nordeste;1;Baixa rotatividade;2025-05-01;2025-05;2025;5;True;False;3220848;15373,0000;15040,0000;84830,0000;651,0000;23899674,8300;31;5347,0000;735,0000;6082,0000;7877,0000;44,9926;5,6000;1554,6526;4,2347;1,8883;2,5276;12,0848;77,2121;1,0264
27;AL;Alagoas;Nordeste;1;Baixa rotatividade;2025-06-01;2025-06;2025;6;True;False;3220848;13732,0000;13397,0000;75221,0000;601,0000;21575630,4100;30;5349,0000;735,0000;6084,0000;7888,0000;41,2125;5,6000;1571,1936;4,3766;1,8889;2,2571;12,0809;77,1298;0,9168
27;AL;Alagoas;Nordeste;1;Baixa rotatividade;2025-07-01;2025-07;2025;7;True;False;3220848;17324,0000;16985,0000;98505,0000;757,0000;27522097,9200;31;5349,0000;735,0000;6084,0000;7888,0000;52,2285;5,8000;1588,6688;4,3697;1,8889;2,8475;12,0809;77,1298;1,1566
27;AL;Alagoas;Nordeste;1;Baixa rotatividade;2025-08-01;2025-08;2025;8;True;False;3220848;15188,0000;14853,0000;86243,0000;716,0000;25393840,0800;31;5375,0000;735,0000;6110,0000;7921,0000;45,5324;5,8000;1671,9673;4,7142;1,8970;2,4858;12,0295;77,1367;1,0140
27;AL;Alagoas;Nordeste;1;Baixa rotatividade;2025-09-01;2025-09;2025;9;True;False;3220848;15198,0000;14854,0000;89339,0000;717,0000;25071296,9400;30;5371,0000;735,0000;6106,0000;7921,0000;48,7712;6,0000;1649,6445;4,7177;1,8958;2,4890;12,0373;77,0862;1,0147
27;AL;Alagoas;Nordeste;1;Baixa rotatividade;2025-10-01;2025-10;2025;10;True;False;3220848;15730,0000;15413,0000;89583,0000;703,0000;27127477,8800;31;5382,0000;735,0000;6117,0000;7933,0000;47,2417;5,8000;1724,5695;4,4692;1,8992;2,5715;12,0157;77,1083;1,0502
27;AL;Alagoas;Nordeste;1;Baixa rotatividade;2025-11-01;2025-11;2025;11;True;False;3220848;14768,0000;14415,0000;85177,0000;719,0000;24861039,1300;30;5385,0000;735,0000;6120,0000;7841,0000;46,3927;5,9000;1683,4398;4,8686;1,9001;2,4131;12,0098;78,0513;0,9860
27;AL;Alagoas;Nordeste;1;Baixa rotatividade;2025-12-01;2025-12;2025;12;True;False;3220848;14176,0000;13881,0000;82819,0000;612,0000;25244734,1500;31;5519,0000;735,0000;6254,0000;7995,0000;42,7180;6,0000;1780,8080;4,3172;1,9417;2,2667;11,7525;78,2239;0,9465
27;AL;Alagoas;Nordeste;1;Baixa rotatividade;2026-01-01;2026-01;2026;1;False;False;3220848;14547,0000;14177,0000;86002,0000;704,0000;24624261,5200;31;5528,0000;719,0000;6247,0000;7979,0000;44,4094;6,1000;1692,7381;4,8395;1,9396;2,3286;11,5095;78,2930;0,9712
27;AL;Alagoas;Nordeste;1;Baixa rotatividade;2026-02-01;2026-02;2026;2;False;False;3220848;13924,0000;13588,0000;75716,0000;593,0000;24030826,5400;28;5558,0000;722,0000;6280,0000;8012,0000;43,0596;5,6000;1725,8565;4,2588;1,9498;2,2172;11,4968;78,3824;0,9296
27;AL;Alagoas;Nordeste;1;Baixa rotatividade;2026-03-01;2026-03;2026;3;False;False;3220848;15523,0000;15220,0000;89416,0000;724,0000;27189369,5000;31;5406,0000;721,0000;6127,0000;7829,0000;47,0767;5,9000;1751,5538;4,6640;1,9023;2,5335;11,7676;78,2603;1,0364
27;AL;Alagoas;Nordeste;1;Baixa rotatividade;2026-04-01;2026-04;2026;4;False;False;3220848;15819,0000;15481,0000;91750,0000;877,0000;25809905,9600;30;5406,0000;721,0000;6127,0000;7929,0000;49,9157;5,9000;1631,5763;5,5440;1,9023;2,5819;11,7676;77,2733;1,0561
27;AL;Alagoas;Nordeste;1;Baixa rotatividade;2026-05-01;2026-05;2026;5;False;False;3220848;16204,0000;15848,0000;90228,0000;714,0000;28324974,6400;31;5433,0000;723,0000;6156,0000;7968,0000;47,2804;5,7000;1748,0236;4,4063;1,9113;2,6322;11,7446;77,2590;1,0819
27;AL;Alagoas;Nordeste;1;Baixa rotatividade;2026-06-01;2026-06;2026;6;False;False;3220848;15492,0000;15162,0000;85167,0000;770,0000;25788212,7300;30;5427,0000;723,0000;6150,0000;7957,0000;46,1610;5,6000;1664,6148;4,9703;1,9094;2,5190;11,7561;77,2904;1,0343
28;SE;Sergipe;Nordeste;0;Alta pressão;2025-01-01;2025-01;2025;1;True;False;2299425;9452,0000;9385,0000;53839,0000;460,0000;16057326,6000;31;2535,0000;465,0000;3000,0000;4140,0000;57,8914;5,7000;1698,8285;4,8667;1,3047;3,1507;15,5000;72,4638;0,8981
28;SE;Sergipe;Nordeste;0;Alta pressão;2025-02-01;2025-02;2025;2;True;False;2299425;9482,0000;9418,0000;55236,0000;459,0000;15010736,9700;28;2550,0000;465,0000;3015,0000;4319,0000;65,4300;5,9000;1583,0771;4,8408;1,3112;3,1449;15,4229;69,8078;0,9009
28;SE;Sergipe;Nordeste;0;Alta pressão;2025-03-01;2025-03;2025;3;True;False;2299425;10435,0000;10367,0000;57109,0000;499,0000;17380762,1900;31;2562,0000;458,0000;3020,0000;4316,0000;61,0009;5,5000;1665,6217;4,7820;1,3134;3,4553;15,1656;69,9722;0,9914
28;SE;Sergipe;Nordeste;0;Alta pressão;2025-04-01;2025-04;2025;4;True;False;2299425;10574,0000;10513,0000;53527,0000;449,0000;17078431,1600;30;2554,0000;467,0000;3021,0000;4364,0000;59,0610;5,1000;1615,1344;4,2463;1,3138;3,5002;15,4585;69,2255;1,0047
28;SE;Sergipe;Nordeste;0;Alta pressão;2025-05-01;2025-05;2025;5;True;False;2299425;10594,0000;10531,0000;56713,0000;455,0000;18868382,1700;31;2558,0000;467,0000;3025,0000;4356,0000;60,4777;5,4000;1781,0442;4,2949;1,3155;3,5021;15,4380;69,4444;1,0066
28;SE;Sergipe;Nordeste;0;Alta pressão;2025-06-01;2025-06;2025;6;True;False;2299425;9399,0000;9351,0000;51881,0000;420,0000;16399331,5500;30;2582,0000;452,0000;3034,0000;4372,0000;56,9996;5,5000;1744,7954;4,4686;1,3195;3,0979;14,8978;69,3962;0,8930
28;SE;Sergipe;Nordeste;0;Alta pressão;2025-07-01;2025-07;2025;7;True;False;2299425;10602,0000;10547,0000;60804,0000;434,0000;18015335,1900;31;2634,0000;452,0000;3086,0000;4360,0000;63,5586;5,8000;1699,2393;4,0936;1,3421;3,4355;14,6468;70,7798;1,0073
28;SE;Sergipe;Nordeste;0;Alta pressão;2025-08-01;2025-08;2025;8;True;False;2299425;10658,0000;10601,0000;60262,0000;555,0000;18283298,0200;31;2682,0000;460,0000;3142,0000;4424,0000;61,8694;5,7000;1715,4530;5,2074;1,3664;3,3921;14,6404;71,0217;1,0126
28;SE;Sergipe;Nordeste;0;Alta pressão;2025-09-01;2025-09;2025;9;True;False;2299425;11257,0000;11189,0000;59977,0000;574,0000;19084845,8800;30;2690,0000;462,0000;3152,0000;4414,0000;63,4275;5,4000;1695,3758;5,0990;1,3708;3,5714;14,6574;71,4092;1,0695
28;SE;Sergipe;Nordeste;0;Alta pressão;2025-10-01;2025-10;2025;10;True;False;2299425;11059,0000;10986,0000;57895,0000;476,0000;19453428,0200;31;2734,0000;462,0000;3196,0000;4415,0000;58,4349;5,3000;1759,0585;4,3042;1,3899;3,4603;14,4556;72,3896;1,0507
28;SE;Sergipe;Nordeste;0;Alta pressão;2025-11-01;2025-11;2025;11;True;False;2299425;10374,0000;10306,0000;57179,0000;533,0000;18713299,2600;30;2729,0000;453,0000;3182,0000;4399,0000;59,8984;5,5000;1803,8654;5,1378;1,3838;3,2602;14,2363;72,3346;0,9857
28;SE;Sergipe;Nordeste;0;Alta pressão;2025-12-01;2025-12;2025;12;True;False;2299425;10417,0000;10340,0000;55609,0000;441,0000;19960893,2800;31;2735,0000;472,0000;3207,0000;4429,0000;55,9351;5,4000;1916,1844;4,2335;1,3947;3,2482;14,7178;72,4091;0,9897
28;SE;Sergipe;Nordeste;0;Alta pressão;2026-01-01;2026-01;2026;1;False;False;2299425;10283,0000;10224,0000;58272,0000;539,0000;19485035,8300;31;2732,0000;468,0000;3200,0000;4435,0000;58,7419;5,7000;1894,8785;5,2417;1,3917;3,2134;14,6250;72,1533;0,9770
28;SE;Sergipe;Nordeste;0;Alta pressão;2026-02-01;2026-02;2026;2;False;False;2299425;10722,0000;10654,0000;57989,0000;491,0000;22338611,4700;28;2731,0000;468,0000;3199,0000;4444,0000;64,7401;5,4000;2083,4370;4,5794;1,3912;3,3517;14,6296;71,9847;1,0187
28;SE;Sergipe;Nordeste;0;Alta pressão;2026-03-01;2026-03;2026;3;False;False;2299425;11331,0000;11258,0000;65514,0000;568,0000;23424963,0900;31;2756,0000;468,0000;3224,0000;4468,0000;65,5507;5,8000;2067,3341;5,0128;1,4021;3,5146;14,5161;72,1576;1,0766
28;SE;Sergipe;Nordeste;0;Alta pressão;2026-04-01;2026-04;2026;4;False;False;2299425;10944,0000;10880,0000;51949,0000;404,0000;20928048,3400;30;2760,0000;468,0000;3228,0000;4467,0000;53,6442;4,8000;1912,2851;3,6915;1,4038;3,3903;14,4981;72,2633;1,0398
28;SE;Sergipe;Nordeste;0;Alta pressão;2026-05-01;2026-05;2026;5;False;False;2299425;10476,0000;10398,0000;53829,0000;436,0000;22895146,3500;31;2781,0000;468,0000;3249,0000;4486,0000;53,4447;5,2000;2185,4855;4,1619;1,4130;3,2244;14,4044;72,4253;0,9953
28;SE;Sergipe;Nordeste;0;Alta pressão;2026-06-01;2026-06;2026;6;False;False;2299425;10160,0000;10082,0000;51996,0000;403,0000;19143100,3700;30;2784,0000;470,0000;3254,0000;4483,0000;53,2637;5,2000;1884,1634;3,9665;1,4151;3,1223;14,4438;72,5853;0,9653
29;BA;Bahia;Nordeste;2;Rede folgada;2025-01-01;2025-01;2025;1;True;False;14870907;72639,0000;72301,0000;343967,0000;2894,0000;101169012,7300;31;25021,0000;2505,0000;27526,0000;35870,0000;40,3099;4,8000;1392,7644;3,9841;1,8510;2,6389;9,1005;76,7382;0,9117
29;BA;Bahia;Nordeste;2;Rede folgada;2025-02-01;2025-02;2025;2;True;False;14870907;75137,0000;74827,0000;354125,0000;2764,0000;102516132,4200;28;25070,0000;2496,0000;27566,0000;35849,0000;45,8801;4,7000;1364,3895;3,6786;1,8537;2,7257;9,0546;76,8948;0,9431
29;BA;Bahia;Nordeste;2;Rede folgada;2025-03-01;2025-03;2025;3;True;False;14870907;78502,0000;78164,0000;368586,0000;3111,0000;108978780,5500;31;25206,0000;2507,0000;27713,0000;35910,0000;42,9036;4,7000;1388,2294;3,9630;1,8636;2,8327;9,0463;77,1735;0,9853
29;BA;Bahia;Nordeste;2;Rede folgada;2025-04-01;2025-04;2025;4;True;False;14870907;78674,0000;78307,0000;368523,0000;2944,0000;110373541,2500;30;25183,0000;2479,0000;27662,0000;35806,0000;44,4079;4,7000;1402,9227;3,7420;1,8601;2,8441;8,9618;77,2552;0,9875
29;BA;Bahia;Nordeste;2;Rede folgada;2025-05-01;2025-05;2025;5;True;False;14870907;82789,0000;82459,0000;382847,0000;3208,0000;114953196,7400;31;25239,0000;2482,0000;27721,0000;36345,0000;44,5507;4,6000;1388,5081;3,8749;1,8641;2,9865;8,9535;76,2718;1,0391
29;BA;Bahia;Nordeste;2;Rede folgada;2025-06-01;2025-06;2025;6;True;False;14870907;79100,0000;78750,0000;377327,0000;3349,0000;113784782,2800;30;25211,0000;2491,0000;27702,0000;36222,0000;45,4031;4,8000;1438,4928;4,2339;1,8628;2,8554;8,9921;76,4784;0,9928
29;BA;Bahia;Nordeste;2;Rede folgada;2025-07-01;2025-07;2025;7;True;False;14870907;84930,0000;84590,0000;396359,0000;3479,0000;118130534,4200;31;25031,0000;2460,0000;27491,0000;35912,0000;46,5089;4,7000;1390,9165;4,0963;1,8486;3,0894;8,9484;76,5510;1,0660
29;BA;Bahia;Nordeste;2;Rede folgada;2025-08-01;2025-08;2025;8;True;False;14870907;85129,0000;84784,0000;398701,0000;3345,0000;118456810,4800;31;24918,0000;2485,0000;27403,0000;35910,0000;46,9340;4,7000;1391,4977;3,9293;1,8427;3,1066;9,0684;76,3102;1,0685
29;BA;Bahia;Nordeste;2;Rede folgada;2025-09-01;2025-09;2025;9;True;False;14870907;86235,0000;85884,0000;400419,0000;3325,0000;124086308,6900;30;24813,0000;2473,0000;27286,0000;35830,0000;48,9163;4,7000;1438,9321;3,8557;1,8349;3,1604;9,0633;76,1541;1,0824
29;BA;Bahia;Nordeste;2;Rede folgada;2025-10-01;2025-10;2025;10;True;False;14870907;82581,0000;82212,0000;385573,0000;3251,0000;115853603,9400;31;24748,0000;2485,0000;27233,0000;35609,0000;45,6719;4,7000;1402,9087;3,9367;1,8313;3,0324;9,1250;76,4779;1,0365
29;BA;Bahia;Nordeste;2;Rede folgada;2025-11-01;2025-11;2025;11;True;False;14870907;80243,0000;79921,0000;374707,0000;2985,0000;120933179,3200;30;24844,0000;2486,0000;27330,0000;35750,0000;45,7015;4,7000;1507,0870;3,7200;1,8378;2,9361;9,0962;76,4476;1,0072
29;BA;Bahia;Nordeste;2;Rede folgada;2025-12-01;2025-12;2025;12;True;False;14870907;77219,0000;76873,0000;365068,0000;2869,0000;113230303,8200;31;24832,0000;2479,0000;27311,0000;35660,0000;43,1196;4,7000;1466,3529;3,7154;1,8365;2,8274;9,0769;76,5872;0,9692
29;BA;Bahia;Nordeste;2;Rede folgada;2026-01-01;2026-01;2026;1;False;False;14870907;78289,0000;77927,0000;367750,0000;2989,0000;110420956,1100;31;24857,0000;2479,0000;27336,0000;35726,0000;43,3966;4,7000;1410,4275;3,8179;1,8382;2,8640;9,0686;76,5157;0,9826
29;BA;Bahia;Nordeste;2;Rede folgada;2026-02-01;2026-02;2026;2;False;False;14870907;78699,0000;78346,0000;378245,0000;3117,0000;114302600,7900;28;24712,0000;2495,0000;27207,0000;35637,0000;49,6517;4,8000;1452,4022;3,9607;1,8295;2,8926;9,1704;76,3448;0,9878
29;BA;Bahia;Nordeste;2;Rede folgada;2026-03-01;2026-03;2026;3;False;False;14870907;84229,0000;83861,0000;393986,0000;3105,0000;127110112,1700;31;24916,0000;2495,0000;27411,0000;35782,0000;46,3654;4,7000;1509,1015;3,6864;1,8433;3,0728;9,1022;76,6056;1,0572
29;BA;Bahia;Nordeste;2;Rede folgada;2026-04-01;2026-04;2026;4;False;False;14870907;82269,0000;81916,0000;377229,0000;3243,0000;121351265,0700;30;25005,0000;2490,0000;27495,0000;35886,0000;45,7330;4,6000;1475,0546;3,9419;1,8489;2,9921;9,0562;76,6176;1,0326
29;BA;Bahia;Nordeste;2;Rede folgada;2026-05-01;2026-05;2026;5;False;False;14870907;81257,0000;80919,0000;369024,0000;2949,0000;125549687,8500;31;25281,0000;2493,0000;27774,0000;35749,0000;42,8602;4,6000;1545,0938;3,6292;1,8677;2,9256;8,9760;77,6917;1,0199
29;BA;Bahia;Nordeste;2;Rede folgada;2026-06-01;2026-06;2026;6;False;False;14870907;76255,0000;75897,0000;364227,0000;3008,0000;122810554,4900;30;25239,0000;2503,0000;27742,0000;35939,0000;43,7636;4,8000;1610,5246;3,9447;1,8655;2,7487;9,0224;77,1919;0,9571
31;MG;Minas Gerais;Sudeste;0;Alta pressão;2025-01-01;2025-01;2025;1;True;False;21393441;126421,0000;125912,0000;617412,0000;6084,0000;241706450,6200;31;29148,0000;4349,0000;33497,0000;50945,0000;59,4576;4,9000;1911,9169;4,8125;1,5658;3,7741;12,9833;65,7513;0,9545
31;MG;Minas Gerais;Sudeste;0;Alta pressão;2025-02-01;2025-02;2025;2;True;False;21393441;122362,0000;121801,0000;578105,0000;5637,0000;236510013,1700;28;29201,0000;4341,0000;33542,0000;51007,0000;61,5545;4,7000;1932,8714;4,6068;1,5679;3,6480;12,9420;65,7596;0,9239
31;MG;Minas Gerais;Sudeste;0;Alta pressão;2025-03-01;2025-03;2025;3;True;False;21393441;127756,0000;127186,0000;605049,0000;5618,0000;241278022,7200;31;29185,0000;4342,0000;33527,0000;51035,0000;58,2149;4,8000;1888,5847;4,3974;1,5672;3,8105;12,9508;65,6941;0,9646
31;MG;Minas Gerais;Sudeste;0;Alta pressão;2025-04-01;2025-04;2025;4;True;False;21393441;130830,0000;130275,0000;607604,0000;5348,0000;253604571,8100;30;29293,0000;4341,0000;33634,0000;51162,0000;60,2172;4,7000;1938,4283;4,0877;1,5722;3,8898;12,9066;65,7402;0,9878
31;MG;Minas Gerais;Sudeste;0;Alta pressão;2025-05-01;2025-05;2025;5;True;False;21393441;139426,0000;138870,0000;644651,0000;6270,0000;283899288,4700;31;29286,0000;4426,0000;33712,0000;51371,0000;61,6848;4,6000;2036,2005;4,4970;1,5758;4,1358;13,1289;65,6246;1,0527
31;MG;Minas Gerais;Sudeste;0;Alta pressão;2025-06-01;2025-06;2025;6;True;False;21393441;136236,0000;135702,0000;643761,0000;6594,0000;267495363,4300;30;29307,0000;4549,0000;33856,0000;51645,0000;63,3823;4,7000;1963,4705;4,8401;1,5825;4,0240;13,4363;65,5552;1,0286
31;MG;Minas Gerais;Sudeste;0;Alta pressão;2025-07-01;2025-07;2025;7;True;False;21393441;140889,0000;140301,0000;666303,0000;6656,0000;286026154,9100;31;29290,0000;4583,0000;33873,0000;51684,0000;63,4536;4,7000;2030,1525;4,7243;1,5833;4,1593;13,5300;65,5387;1,0638
31;MG;Minas Gerais;Sudeste;0;Alta pressão;2025-08-01;2025-08;2025;8;True;False;21393441;139110,0000;138505,0000;651159,0000;6462,0000;298641243,1100;31;29335,0000;4545,0000;33880,0000;51736,0000;61,9986;4,7000;2146,7992;4,6452;1,5837;4,1060;13,4150;65,4863;1,0503
31;MG;Minas Gerais;Sudeste;0;Alta pressão;2025-09-01;2025-09;2025;9;True;False;21393441;138486,0000;137893,0000;641272,0000;6087,0000;306335909,4700;30;29430,0000;4526,0000;33956,0000;51810,0000;62,9513;4,7000;2212,0352;4,3954;1,5872;4,0784;13,3290;65,5395;1,0456
31;MG;Minas Gerais;Sudeste;0;Alta pressão;2025-10-01;2025-10;2025;10;True;False;21393441;139313,0000;138709,0000;641238,0000;5929,0000;308326427,5000;31;29389,0000;4497,0000;33886,0000;51735,0000;61,0432;4,6000;2213,1921;4,2559;1,5839;4,1112;13,2710;65,4992;1,0519
31;MG;Minas Gerais;Sudeste;0;Alta pressão;2025-11-01;2025-11;2025;11;True;False;21393441;129691,0000;129094,0000;595462,0000;5410,0000;292299501,2300;30;29380,0000;4486,0000;33866,0000;51692,0000;58,6096;4,6000;2253,8148;4,1715;1,5830;3,8295;13,2463;65,5150;0,9792
31;MG;Minas Gerais;Sudeste;0;Alta pressão;2025-12-01;2025-12;2025;12;True;False;21393441;128003,0000;127389,0000;597489,0000;5499,0000;289158704,4300;31;29348,0000;4496,0000;33844,0000;51675,0000;56,9491;4,7000;2258,9994;4,2960;1,5820;3,7821;13,2845;65,4940;0,9665
31;MG;Minas Gerais;Sudeste;0;Alta pressão;2026-01-01;2026-01;2026;1;False;False;21393441;131812,0000;131186,0000;630622,0000;6185,0000;290879158,1900;31;29233,0000;4496,0000;33729,0000;51547,0000;60,3120;4,8000;2206,7730;4,6923;1,5766;3,9080;13,3298;65,4335;0,9952
31;MG;Minas Gerais;Sudeste;0;Alta pressão;2026-02-01;2026-02;2026;2;False;False;21393441;128437,0000;127795,0000;597739,0000;5487,0000;288731230,1600;28;29339,0000;4475,0000;33814,0000;51508,0000;63,1331;4,7000;2248,0378;4,2721;1,5806;3,7983;13,2342;65,6481;0,9698
31;MG;Minas Gerais;Sudeste;0;Alta pressão;2026-03-01;2026-03;2026;3;False;False;21393441;139746,0000;139157,0000;636022,0000;5811,0000;316303873,8800;31;29389,0000;4497,0000;33886,0000;51386,0000;60,5467;4,6000;2263,4199;4,1583;1,5839;4,1240;13,2710;65,9440;1,0551
31;MG;Minas Gerais;Sudeste;0;Alta pressão;2026-04-01;2026-04;2026;4;False;False;21393441;134762,0000;134164,0000;620352,0000;5683,0000;301249486,7000;30;29778,0000;4565,0000;34343,0000;52332,0000;60,2114;4,6000;2235,4186;4,2171;1,6053;3,9240;13,2924;65,6252;1,0175
31;MG;Minas Gerais;Sudeste;0;Alta pressão;2026-05-01;2026-05;2026;5;False;False;21393441;133074,0000;132588,0000;601483,0000;5545,0000;308224932,4800;31;29800,0000;4552,0000;34352,0000;52376,0000;56,4819;4,5000;2316,1920;4,1669;1,6057;3,8738;13,2510;65,5873;1,0048
31;MG;Minas Gerais;Sudeste;0;Alta pressão;2026-06-01;2026-06;2026;6;False;False;21393441;102510,0000;102236,0000;467707,0000;4493,0000;232564301,7700;30;29608,0000;4541,0000;34149,0000;52288,0000;45,6536;4,6000;2268,6987;4,3830;1,5962;3,0018;13,2976;65,3094;0,7740
32;ES;Espírito Santo;Sudeste;0;Alta pressão;2025-01-01;2025-01;2025;1;True;False;4126854;25860,0000;25816,0000;123233,0000;922,0000;44944467,3500;31;5959,0000;1119,0000;7078,0000;10921,0000;56,1636;4,8000;1737,9918;3,5654;1,7151;3,6536;15,8096;64,8109;0,9823
32;ES;Espírito Santo;Sudeste;0;Alta pressão;2025-02-01;2025-02;2025;2;True;False;4126854;24986,0000;24919,0000;116767,0000;926,0000;42935409,7200;28;5979,0000;1119,0000;7098,0000;10921,0000;58,7525;4,7000;1718,3787;3,7061;1,7200;3,5201;15,7650;64,9940;0,9491
32;ES;Espírito Santo;Sudeste;0;Alta pressão;2025-03-01;2025-03;2025;3;True;False;4126854;27148,0000;27083,0000;134592,0000;1020,0000;47305485,5400;31;5985,0000;1123,0000;7108,0000;10926,0000;61,0816;5,0000;1742,5035;3,7572;1,7224;3,8194;15,7991;65,0558;1,0312
32;ES;Espírito Santo;Sudeste;0;Alta pressão;2025-04-01;2025-04;2025;4;True;False;4126854;23758,0000;23691,0000;115284,0000;870,0000;42544304,4400;30;5988,0000;1123,0000;7111,0000;10997,0000;54,0402;4,9000;1790,7359;3,6619;1,7231;3,3410;15,7924;64,6631;0,9024
32;ES;Espírito Santo;Sudeste;0;Alta pressão;2025-05-01;2025-05;2025;5;True;False;4126854;29634,0000;29569,0000;144072,0000;1154,0000;51551302,6800;31;5974,0000;1123,0000;7097,0000;10983,0000;65,4852;4,9000;1739,5999;3,8942;1,7197;4,1756;15,8236;64,6180;1,1256
32;ES;Espírito Santo;Sudeste;0;Alta pressão;2025-06-01;2025-06;2025;6;True;False;4126854;28053,0000;27998,0000;133988,0000;1121,0000;47757257,3900;30;5993,0000;1123,0000;7116,0000;11045,0000;62,7637;4,8000;1702,3939;3,9960;1,7243;3,9422;15,7813;64,4273;1,0656
32;ES;Espírito Santo;Sudeste;0;Alta pressão;2025-07-01;2025-07;2025;7;True;False;4126854;27539,0000;27492,0000;130238,0000;1113,0000;47794841,7300;31;5988,0000;1123,0000;7111,0000;11036,0000;59,0807;4,7000;1735,5329;4,0415;1,7231;3,8727;15,7924;64,4346;1,0460
32;ES;Espírito Santo;Sudeste;0;Alta pressão;2025-08-01;2025-08;2025;8;True;False;4126854;27626,0000;27594,0000;132175,0000;1167,0000;49992632,1700;31;5988,0000;1123,0000;7111,0000;11036,0000;59,9594;4,8000;1809,6225;4,2243;1,7231;3,8850;15,7924;64,4346;1,0493
32;ES;Espírito Santo;Sudeste;0;Alta pressão;2025-09-01;2025-09;2025;9;True;False;4126854;26794,0000;26733,0000;127691,0000;1070,0000;47837414,3600;30;6002,0000;1123,0000;7125,0000;11059,0000;59,7385;4,8000;1785,3779;3,9934;1,7265;3,7606;15,7614;64,4272;1,0177
32;ES;Espírito Santo;Sudeste;0;Alta pressão;2025-10-01;2025-10;2025;10;True;False;4126854;28119,0000;28059,0000;129935,0000;1138,0000;49536337,4700;31;5932,0000;1123,0000;7055,0000;11035,0000;59,4111;4,6000;1761,6678;4,0471;1,7095;3,9857;15,9178;63,9329;1,0681
32;ES;Espírito Santo;Sudeste;0;Alta pressão;2025-11-01;2025-11;2025;11;True;False;4126854;26044,0000;25978,0000;121766,0000;985,0000;46530178,0400;30;5952,0000;1123,0000;7075,0000;11095,0000;57,3691;4,7000;1786,5988;3,7821;1,7144;3,6811;15,8728;63,7675;0,9893
32;ES;Espírito Santo;Sudeste;0;Alta pressão;2025-12-01;2025-12;2025;12;True;False;4126854;25612,0000;25554,0000;122966,0000;1038,0000;45599970,3400;31;6039,0000;1123,0000;7162,0000;11165,0000;55,3846;4,8000;1780,4143;4,0528;1,7355;3,5761;15,6800;64,1469;0,9728
32;ES;Espírito Santo;Sudeste;0;Alta pressão;2026-01-01;2026-01;2026;1;False;False;4126854;24864,0000;24807,0000;123026,0000;1012,0000;46923627,7100;31;6061,0000;1123,0000;7184,0000;11152,0000;55,2419;5,0000;1887,2115;4,0701;1,7408;3,4610;15,6320;64,4189;0,9444
32;ES;Espírito Santo;Sudeste;0;Alta pressão;2026-02-01;2026-02;2026;2;False;False;4126854;25278,0000;25223,0000;120796,0000;948,0000;46125777,7600;28;5970,0000;1108,0000;7078,0000;11043,0000;60,9514;4,8000;1824,7400;3,7503;1,7151;3,5713;15,6541;64,0949;0,9602
32;ES;Espírito Santo;Sudeste;0;Alta pressão;2026-03-01;2026-03;2026;3;False;False;4126854;26285,0000;26226,0000;122478,0000;1031,0000;47045996,2100;31;5987,0000;1126,0000;7113,0000;11026,0000;55,5448;4,7000;1789,8420;3,9224;1,7236;3,6953;15,8302;64,5112;0,9984
32;ES;Espírito Santo;Sudeste;0;Alta pressão;2026-04-01;2026-04;2026;4;False;False;4126854;25724,0000;25670,0000;117611,0000;931,0000;45686811,4100;30;5971,0000;1126,0000;7097,0000;11000,0000;55,2398;4,6000;1776,0384;3,6192;1,7197;3,6246;15,8659;64,5182;0,9771
32;ES;Espírito Santo;Sudeste;0;Alta pressão;2026-05-01;2026-05;2026;5;False;False;4126854;26369,0000;26307,0000;123914,0000;944,0000;47485486,4300;31;5969,0000;1128,0000;7097,0000;11009,0000;56,3228;4,7000;1800,8073;3,5800;1,7197;3,7155;15,8940;64,4654;1,0016
32;ES;Espírito Santo;Sudeste;0;Alta pressão;2026-06-01;2026-06;2026;6;False;False;4126854;26505,0000;26442,0000;127569,0000;1067,0000;49314233,3400;30;5967,0000;1128,0000;7095,0000;11029,0000;59,9338;4,8000;1860,5634;4,0257;1,7192;3,7357;15,8985;64,3304;1,0068
33;RJ;Rio de Janeiro;Sudeste;0;Alta pressão;2025-01-01;2025-01;2025;1;True;False;17223547;75888,0000;75290,0000;468935,0000;5255,0000;137956810,2200;31;20840,0000;3631,0000;24471,0000;45672,0000;61,8158;6,2000;1817,9002;6,9247;1,4208;3,1011;14,8380;53,5799;0,9708
33;RJ;Rio de Janeiro;Sudeste;0;Alta pressão;2025-02-01;2025-02;2025;2;True;False;17223547;71708,0000;71094,0000;424270,0000;4728,0000;127736526,0000;28;20740,0000;3624,0000;24364,0000;45113,0000;62,1922;6,0000;1781,3428;6,5934;1,4146;2,9432;14,8744;54,0066;0,9173
33;RJ;Rio de Janeiro;Sudeste;0;Alta pressão;2025-03-01;2025-03;2025;3;True;False;17223547;73808,0000;73143,0000;445158,0000;4662,0000;133615012,1700;31;20793,0000;3624,0000;24417,0000;45451,0000;58,8112;6,1000;1810,3053;6,3164;1,4177;3,0228;14,8421;53,7216;0,9442
33;RJ;Rio de Janeiro;Sudeste;0;Alta pressão;2025-04-01;2025-04;2025;4;True;False;17223547;73202,0000;72534,0000;442321,0000;4712,0000;131780289,4600;30;20872,0000;3616,0000;24488,0000;45291,0000;60,2092;6,1000;1800,2280;6,4370;1,4218;2,9893;14,7664;54,0681;0,9364
33;RJ;Rio de Janeiro;Sudeste;0;Alta pressão;2025-05-01;2025-05;2025;5;True;False;17223547;78629,0000;77970,0000;466319,0000;4934,0000;145544195,7100;31;20832,0000;3656,0000;24488,0000;45582,0000;61,4282;6,0000;1851,0244;6,2750;1,4218;3,2109;14,9298;53,7230;1,0058
33;RJ;Rio de Janeiro;Sudeste;0;Alta pressão;2025-06-01;2025-06;2025;6;True;False;17223547;78071,0000;77399,0000;462416,0000;5501,0000;147094753,5100;30;20814,0000;3629,0000;24443,0000;45441,0000;63,0605;6,0000;1884,1151;7,0462;1,4192;3,1940;14,8468;53,7906;0,9987
33;RJ;Rio de Janeiro;Sudeste;0;Alta pressão;2025-07-01;2025-07;2025;7;True;False;17223547;80737,0000;80089,0000;476115,0000;5400,0000;152083501,7700;31;20942,0000;3618,0000;24560,0000;45746,0000;62,5348;5,9000;1883,6903;6,6884;1,4260;3,2873;14,7313;53,6878;1,0328
33;RJ;Rio de Janeiro;Sudeste;0;Alta pressão;2025-08-01;2025-08;2025;8;True;False;17223547;79178,0000;78567,0000;463649,0000;5135,0000;147608454,4000;31;20980,0000;3641,0000;24621,0000;45989,0000;60,7466;5,9000;1864,2610;6,4854;1,4295;3,2159;14,7882;53,5367;1,0129
33;RJ;Rio de Janeiro;Sudeste;0;Alta pressão;2025-09-01;2025-09;2025;9;True;False;17223547;80403,0000;79779,0000;465982,0000;4963,0000;147932096,0900;30;20986,0000;3642,0000;24628,0000;45616,0000;63,0694;5,8000;1839,8828;6,1727;1,4299;3,2647;14,7880;53,9898;1,0285
33;RJ;Rio de Janeiro;Sudeste;0;Alta pressão;2025-10-01;2025-10;2025;10;True;False;17223547;81103,0000;80446,0000;469840,0000;4719,0000;154809267,3800;31;20977,0000;3635,0000;24612,0000;45239,0000;61,5802;5,8000;1908,7983;5,8185;1,4290;3,2953;14,7692;54,4044;1,0375
33;RJ;Rio de Janeiro;Sudeste;0;Alta pressão;2025-11-01;2025-11;2025;11;True;False;17223547;77246,0000;76618,0000;439687,0000;4606,0000;141759386,4400;30;20976,0000;3640,0000;24616,0000;45475,0000;59,5395;5,7000;1835,1680;5,9628;1,4292;3,1380;14,7871;54,1308;0,9881
33;RJ;Rio de Janeiro;Sudeste;0;Alta pressão;2025-12-01;2025-12;2025;12;True;False;17223547;76201,0000;75582,0000;439069,0000;4583,0000;143981832,7900;31;21051,0000;3638,0000;24689,0000;45506,0000;57,3677;5,8000;1889,5006;6,0144;1,4334;3,0864;14,7353;54,2544;0,9748
33;RJ;Rio de Janeiro;Sudeste;0;Alta pressão;2026-01-01;2026-01;2026;1;False;False;17223547;73416,0000;72939,0000;424935,0000;4465,0000;137771760,0900;31;21035,0000;3511,0000;24546,0000;45659,0000;55,8445;5,8000;1876,5904;6,0818;1,4251;2,9910;14,3038;53,7594;0,9391
33;RJ;Rio de Janeiro;Sudeste;0;Alta pressão;2026-02-01;2026-02;2026;2;False;False;17223547;72579,0000;72018,0000;429823,0000;4581,0000;138315902,1000;28;21025,0000;3555,0000;24580,0000;45464,0000;62,4525;6,0000;1905,7290;6,3117;1,4271;2,9528;14,4630;54,0648;0,9284
33;RJ;Rio de Janeiro;Sudeste;0;Alta pressão;2026-03-01;2026-03;2026;3;False;False;17223547;81704,0000;81028,0000;473652,0000;4795,0000;155622684,2500;31;21105,0000;3550,0000;24655,0000;45517,0000;61,9716;5,8000;1904,7132;5,8687;1,4315;3,3139;14,3987;54,1666;1,0452
33;RJ;Rio de Janeiro;Sudeste;0;Alta pressão;2026-04-01;2026-04;2026;4;False;False;17223547;78275,0000;77640,0000;456908,0000;4807,0000;155054128,7800;30;21061,0000;3544,0000;24605,0000;45582,0000;61,8991;5,9000;1980,8895;6,1412;1,4286;3,1813;14,4036;53,9796;1,0013
33;RJ;Rio de Janeiro;Sudeste;0;Alta pressão;2026-05-01;2026-05;2026;5;False;False;17223547;80056,0000;79428,0000;470991,0000;4740,0000;160577222,3700;31;21130,0000;3535,0000;24665,0000;45457,0000;61,5985;5,9000;2005,8112;5,9209;1,4321;3,2457;14,3320;54,2601;1,0241
33;RJ;Rio de Janeiro;Sudeste;0;Alta pressão;2026-06-01;2026-06;2026;6;False;False;17223547;79626,0000;79044,0000;454662,0000;4941,0000;161126337,5200;30;21318,0000;3534,0000;24852,0000;45635,0000;60,9826;5,8000;2023,5393;6,2053;1,4429;3,2040;14,2202;54,4582;1,0186
35;SP;São Paulo;Sudeste;0;Alta pressão;2025-01-01;2025-01;2025;1;True;False;46081801;238138,0000;233645,0000;1235282,0000;12103,0000;435538388,2600;31;54535,0000;9303,0000;63838,0000;114440,0000;62,4202;5,3000;1828,9328;5,0823;1,3853;3,7303;14,5728;55,7829;0,9615
35;SP;São Paulo;Sudeste;0;Alta pressão;2025-02-01;2025-02;2025;2;True;False;46081801;231280,0000;226742,0000;1147323,0000;11080,0000;424280664,2500;28;54901,0000;9297,0000;64198,0000;114402,0000;63,8273;5,1000;1834,4892;4,7907;1,3931;3,6026;14,4818;56,1162;0,9338
35;SP;São Paulo;Sudeste;0;Alta pressão;2025-03-01;2025-03;2025;3;True;False;46081801;245830,0000;241393,0000;1226858,0000;11945,0000;437127872,6600;31;54494,0000;9298,0000;63792,0000;114823,0000;62,0392;5,1000;1778,1714;4,8590;1,3843;3,8536;14,5755;55,5568;0,9926
35;SP;São Paulo;Sudeste;0;Alta pressão;2025-04-01;2025-04;2025;4;True;False;46081801;244989,0000;240430,0000;1216796,0000;11588,0000;444336294,7400;30;54463,0000;9299,0000;63762,0000;114872,0000;63,6113;5,1000;1813,6990;4,7300;1,3837;3,8422;14,5839;55,5070;0,9892
35;SP;São Paulo;Sudeste;0;Alta pressão;2025-05-01;2025-05;2025;5;True;False;46081801;259055,0000;254580,0000;1297721,0000;13410,0000;482005606,8700;31;54476,0000;9349,0000;63825,0000;114987,0000;65,5887;5,1000;1860,6304;5,1765;1,3850;4,0588;14,6479;55,5063;1,0460
35;SP;São Paulo;Sudeste;0;Alta pressão;2025-06-01;2025-06;2025;6;True;False;46081801;245365,0000;240706,0000;1235354,0000;13415,0000;461691039,8300;30;54466,0000;9442,0000;63908,0000;115346,0000;64,4340;5,1000;1881,6499;5,4674;1,3868;3,8393;14,7744;55,4055;0,9907
35;SP;São Paulo;Sudeste;0;Alta pressão;2025-07-01;2025-07;2025;7;True;False;46081801;254711,0000;250183,0000;1293431,0000;13829,0000;488700325,8400;31;54508,0000;9453,0000;63961,0000;115375,0000;65,2328;5,2000;1918,6463;5,4293;1,3880;3,9823;14,7793;55,4375;1,0284
35;SP;São Paulo;Sudeste;0;Alta pressão;2025-08-01;2025-08;2025;8;True;False;46081801;252961,0000;248520,0000;1249868,0000;13299,0000;487146112,7600;31;54555,0000;9447,0000;64002,0000;115205,0000;62,9954;5,0000;1925,7756;5,2573;1,3889;3,9524;14,7605;55,5549;1,0214
35;SP;São Paulo;Sudeste;0;Alta pressão;2025-09-01;2025-09;2025;9;True;False;46081801;250980,0000;246441,0000;1240694,0000;12092,0000;489124420,5500;30;54468,0000;9442,0000;63910,0000;115379,0000;64,7105;5,0000;1948,8582;4,8179;1,3869;3,9271;14,7739;55,3914;1,0134
35;SP;São Paulo;Sudeste;0;Alta pressão;2025-10-01;2025-10;2025;10;True;False;46081801;256599,0000;252173,0000;1262756,0000;11997,0000;492516576,7100;31;54557,0000;9446,0000;64003,0000;115613,0000;63,6440;5,0000;1919,4018;4,6754;1,3889;4,0092;14,7587;55,3597;1,0361
35;SP;São Paulo;Sudeste;0;Alta pressão;2025-11-01;2025-11;2025;11;True;False;46081801;239605,0000;235133,0000;1189417,0000;11617,0000;463125467,9100;30;54619,0000;9447,0000;64066,0000;115644,0000;61,8850;5,1000;1932,8706;4,8484;1,3903;3,7400;14,7457;55,3993;0,9675
35;SP;São Paulo;Sudeste;0;Alta pressão;2025-12-01;2025-12;2025;12;True;False;46081801;230722,0000;226234,0000;1180941,0000;11595,0000;443635134,0200;31;54645,0000;9447,0000;64092,0000;115512,0000;59,4378;5,2000;1922,8124;5,0255;1,3908;3,5999;14,7397;55,4851;0,9316
35;SP;São Paulo;Sudeste;0;Alta pressão;2026-01-01;2026-01;2026;1;False;False;46081801;237637,0000;233322,0000;1205172,0000;12049,0000;449395540,9500;31;54770,0000;9428,0000;64198,0000;115218,0000;60,5572;5,2000;1891,1009;5,0703;1,3931;3,7016;14,6858;55,7187;0,9595
35;SP;São Paulo;Sudeste;0;Alta pressão;2026-02-01;2026-02;2026;2;False;False;46081801;230745,0000;226428,0000;1152078,0000;10779,0000;439341433,2200;28;54700,0000;9428,0000;64128,0000;115090,0000;64,1617;5,1000;1904,0128;4,6714;1,3916;3,5982;14,7018;55,7199;0,9317
35;SP;São Paulo;Sudeste;0;Alta pressão;2026-03-01;2026-03;2026;3;False;False;46081801;255490,0000;251044,0000;1252434,0000;11637,0000;480274518,3200;31;54688,0000;9426,0000;64114,0000;114905,0000;63,0145;5,0000;1879,8173;4,5548;1,3913;3,9849;14,7019;55,7974;1,0316
35;SP;São Paulo;Sudeste;0;Alta pressão;2026-04-01;2026-04;2026;4;False;False;46081801;250397,0000;246274,0000;1225408,0000;11277,0000;475749201,5700;30;54722,0000;9420,0000;64142,0000;114959,0000;63,6820;5,0000;1899,9796;4,5036;1,3919;3,9038;14,6862;55,7955;1,0110
35;SP;São Paulo;Sudeste;0;Alta pressão;2026-05-01;2026-05;2026;5;False;False;46081801;257281,0000;252963,0000;1250051,0000;11851,0000;496066877,2700;31;54747,0000;9412,0000;64159,0000;115179,0000;62,8505;4,9000;1928,1131;4,6062;1,3923;4,0101;14,6698;55,7037;1,0388
35;SP;São Paulo;Sudeste;0;Alta pressão;2026-06-01;2026-06;2026;6;False;False;46081801;249501,0000;245238,0000;1237933,0000;12811,0000;481758922,9900;30;54847,0000;9408,0000;64255,0000;116045,0000;64,2198;5,0000;1930,8897;5,1346;1,3944;3,8830;14,6417;55,3708;1,0074
41;PR;Paraná;Sul;0;Alta pressão;2025-01-01;2025-01;2025;1;True;False;11890517;87480,0000;86138,0000;366197,0000;3586,0000;172012112,0800;31;19189,0000;2694,0000;21883,0000;31713,0000;53,9817;4,3000;1966,3021;4,0992;1,8404;3,9976;12,3109;69,0032;0,9358
41;PR;Paraná;Sul;0;Alta pressão;2025-02-01;2025-02;2025;2;True;False;11890517;85810,0000;84508,0000;339187,0000;3162,0000;168718523,6700;28;19196,0000;2685,0000;21881,0000;31648,0000;55,3623;4,0000;1966,1872;3,6849;1,8402;3,9217;12,2709;69,1387;0,9180
41;PR;Paraná;Sul;0;Alta pressão;2025-03-01;2025-03;2025;3;True;False;11890517;88023,0000;86717,0000;355819,0000;3132,0000;176038498,1400;31;19164,0000;2684,0000;21848,0000;31579,0000;52,5358;4,1000;1999,9148;3,5582;1,8374;4,0289;12,2849;69,1852;0,9416
41;PR;Paraná;Sul;0;Alta pressão;2025-04-01;2025-04;2025;4;True;False;11890517;91035,0000;89707,0000;353286,0000;3122,0000;174403025,0400;30;19111,0000;2683,0000;21794,0000;31423,0000;54,0341;3,9000;1915,7799;3,4295;1,8329;4,1771;12,3107;69,3568;0,9739
41;PR;Paraná;Sul;0;Alta pressão;2025-05-01;2025-05;2025;5;True;False;11890517;93298,0000;91959,0000;367503,0000;3572,0000;184445778,5000;31;19275,0000;2709,0000;21984,0000;31575,0000;53,9253;4,0000;1976,9532;3,8286;1,8489;4,2439;12,3226;69,6247;0,9981
41;PR;Paraná;Sul;0;Alta pressão;2025-06-01;2025-06;2025;6;True;False;11890517;94033,0000;92656,0000;377040,0000;3847,0000;193816066,6200;30;19283,0000;2711,0000;21994,0000;31632,0000;57,1429;4,1000;2061,1495;4,0911;1,8497;4,2754;12,3261;69,5309;1,0059
41;PR;Paraná;Sul;0;Alta pressão;2025-07-01;2025-07;2025;7;True;False;11890517;95790,0000;94367,0000;383958,0000;3921,0000;197283676,4700;31;19223,0000;2722,0000;21945,0000;31569,0000;56,4399;4,1000;2059,5435;4,0933;1,8456;4,3650;12,4037;69,5144;1,0247
41;PR;Paraná;Sul;0;Alta pressão;2025-08-01;2025-08;2025;8;True;False;11890517;93909,0000;92542,0000;377036,0000;3714,0000;188253879,5800;31;19158,0000;2720,0000;21878,0000;31589,0000;55,5922;4,1000;2004,6415;3,9549;1,8400;4,2924;12,4326;69,2583;1,0046
41;PR;Paraná;Sul;0;Alta pressão;2025-09-01;2025-09;2025;9;True;False;11890517;94435,0000;93026,0000;374212,0000;3607,0000;195328758,2300;30;19256,0000;2723,0000;21979,0000;31701,0000;56,7530;4,0000;2068,3937;3,8196;1,8484;4,2966;12,3891;69,3322;1,0102
41;PR;Paraná;Sul;0;Alta pressão;2025-10-01;2025-10;2025;10;True;False;11890517;96024,0000;94622,0000;377834,0000;3577,0000;197442154,3700;31;19290,0000;2719,0000;22009,0000;31796,0000;55,3782;4,0000;2056,1751;3,7251;1,8510;4,3629;12,3540;69,2194;1,0272
41;PR;Paraná;Sul;0;Alta pressão;2025-11-01;2025-11;2025;11;True;False;11890517;91831,0000;90412,0000;366531,0000;3372,0000;185400198,9700;30;19333,0000;2724,0000;22057,0000;31732,0000;55,3915;4,1000;2018,9282;3,6720;1,8550;4,1633;12,3498;69,5103;0,9824
41;PR;Paraná;Sul;0;Alta pressão;2025-12-01;2025-12;2025;12;True;False;11890517;89605,0000;88167,0000;369489,0000;3404,0000;188838931,9500;31;19403,0000;2725,0000;22128,0000;31738,0000;53,8639;4,2000;2107,4598;3,7989;1,8610;4,0494;12,3147;69,7208;0,9586
41;PR;Paraná;Sul;0;Alta pressão;2026-01-01;2026-01;2026;1;False;False;11890517;93660,0000;92271,0000;375393,0000;3620,0000;193714125,7800;31;19404,0000;2725,0000;22129,0000;31766,0000;54,7221;4,1000;2068,2695;3,8650;1,8611;4,2325;12,3142;69,6625;1,0019
41;PR;Paraná;Sul;0;Alta pressão;2026-02-01;2026-02;2026;2;False;False;11890517;89924,0000;88527,0000;358403,0000;3172,0000;190888361,5900;28;19414,0000;2728,0000;22142,0000;31704,0000;57,8092;4,0000;2122,7744;3,5274;1,8622;4,0612;12,3205;69,8398;0,9620
41;PR;Paraná;Sul;0;Alta pressão;2026-03-01;2026-03;2026;3;False;False;11890517;94807,0000;93379,0000;370284,0000;3164,0000;201210001,8200;31;19421,0000;2728,0000;22149,0000;31563,0000;53,9286;4,0000;2122,3117;3,3373;1,8627;4,2804;12,3166;70,1739;1,0142
41;PR;Paraná;Sul;0;Alta pressão;2026-04-01;2026-04;2026;4;False;False;11890517;85479,0000;84114,0000;340667,0000;3014,0000;178987309,3900;30;19319,0000;2720,0000;22039,0000;31474,0000;51,5249;4,1000;2093,9331;3,5260;1,8535;3,8785;12,3418;70,0229;0,9144
41;PR;Paraná;Sul;0;Alta pressão;2026-05-01;2026-05;2026;5;False;False;11890517;99565,0000;98139,0000;385254,0000;3579,0000;210616961,7600;31;19304,0000;2721,0000;22025,0000;31463,0000;56,4247;3,9000;2115,3715;3,5946;1,8523;4,5205;12,3541;70,0029;1,0651
41;PR;Paraná;Sul;0;Alta pressão;2026-06-01;2026-06;2026;6;False;False;11890517;94059,0000;92649,0000;366825,0000;3339,0000;204830453,5600;30;19445,0000;2721,0000;22166,0000;31589,0000;55,1633;4,0000;2177,6805;3,5499;1,8642;4,2434;12,2756;70,1700;1,0062
42;SC;Santa Catarina;Sul;0;Alta pressão;2025-01-01;2025-01;2025;1;True;False;8187029;53631,0000;53466,0000;224756,0000;2142,0000;119781839,1800;31;11572,0000;1712,0000;13284,0000;18592,0000;54,5784;4,2000;2233,4441;3,9940;1,6226;4,0373;12,8877;71,4501;0,9152
42;SC;Santa Catarina;Sul;0;Alta pressão;2025-02-01;2025-02;2025;2;True;False;8187029;53444,0000;53253,0000;212451,0000;1985,0000;114631209,6000;28;11559,0000;1700,0000;13259,0000;18611,0000;57,2256;4,0000;2144,8845;3,7142;1,6195;4,0308;12,8215;71,2428;0,9120
42;SC;Santa Catarina;Sul;0;Alta pressão;2025-03-01;2025-03;2025;3;True;False;8187029;55021,0000;54851,0000;224117,0000;1932,0000;119762699,6700;31;11545,0000;1700,0000;13245,0000;18608,0000;54,5835;4,1000;2176,6725;3,5114;1,6178;4,1541;12,8350;71,1791;0,9389
42;SC;Santa Catarina;Sul;0;Alta pressão;2025-04-01;2025-04;2025;4;True;False;8187029;55685,0000;55503,0000;220334,0000;1899,0000;120294902,4800;30;11573,0000;1700,0000;13273,0000;18618,0000;55,3339;4,0000;2160,2748;3,4103;1,6212;4,1954;12,8080;71,2912;0,9503
42;SC;Santa Catarina;Sul;0;Alta pressão;2025-05-01;2025-05;2025;5;True;False;8187029;60523,0000;60351,0000;245691,0000;2201,0000;132094587,5900;31;11602,0000;1780,0000;13382,0000;18670,0000;59,2252;4,1000;2182,5519;3,6366;1,6345;4,5227;13,3014;71,6765;1,0328
42;SC;Santa Catarina;Sul;0;Alta pressão;2025-06-01;2025-06;2025;6;True;False;8187029;57434,0000;57239,0000;237447,0000;2385,0000;128173835,0100;30;11629,0000;1786,0000;13415,0000;18704,0000;59,0004;4,1000;2231,6717;4,1526;1,6386;4,2813;13,3135;71,7226;0,9801
42;SC;Santa Catarina;Sul;0;Alta pressão;2025-07-01;2025-07;2025;7;True;False;8187029;60325,0000;60154,0000;252725,0000;2622,0000;137286242,8600;31;11649,0000;1796,0000;13445,0000;18753,0000;60,6353;4,2000;2275,7769;4,3465;1,6422;4,4868;13,3581;71,6952;1,0295
42;SC;Santa Catarina;Sul;0;Alta pressão;2025-08-01;2025-08;2025;8;True;False;8187029;60269,0000;60088,0000;245695,0000;2441,0000;138001946,6700;31;11719,0000;1794,0000;13513,0000;18801,0000;58,6520;4,1000;2289,7667;4,0502;1,6505;4,4601;13,2761;71,8738;1,0285
42;SC;Santa Catarina;Sul;0;Alta pressão;2025-09-01;2025-09;2025;9;True;False;8187029;59352,0000;59165,0000;237780,0000;2247,0000;133234958,7900;30;11734,0000;1784,0000;13518,0000;18870,0000;58,6329;4,0000;2244,8268;3,7859;1,6511;4,3906;13,1972;71,6375;1,0129
42;SC;Santa Catarina;Sul;0;Alta pressão;2025-10-01;2025-10;2025;10;True;False;8187029;61453,0000;61283,0000;246102,0000;2208,0000;138824866,7500;31;11743,0000;1759,0000;13502,0000;18800,0000;58,7970;4,0000;2259,0413;3,5930;1,6492;4,5514;13,0277;71,8191;1,0487
42;SC;Santa Catarina;Sul;0;Alta pressão;2025-11-01;2025-11;2025;11;True;False;8187029;58629,0000;58436,0000;233108,0000;2157,0000;128894529,5300;30;11787,0000;1742,0000;13529,0000;18808,0000;57,4342;4,0000;2198,4774;3,6791;1,6525;4,3336;12,8760;71,9322;1,0005
42;SC;Santa Catarina;Sul;0;Alta pressão;2025-12-01;2025-12;2025;12;True;False;8187029;55204,0000;55009,0000;229151,0000;2127,0000;125366973,4000;31;11822,0000;1731,0000;13553,0000;19013,0000;54,5412;4,2000;2270,9763;3,8530;1,6554;4,0732;12,7721;71,2828;0,9421
42;SC;Santa Catarina;Sul;0;Alta pressão;2026-01-01;2026-01;2026;1;False;False;8187029;56937,0000;56756,0000;233059,0000;2216,0000;130215849,2600;31;11761,0000;1705,0000;13466,0000;18899,0000;55,8297;4,1000;2287,0163;3,8920;1,6448;4,2282;12,6615;71,2524;0,9716
42;SC;Santa Catarina;Sul;0;Alta pressão;2026-02-01;2026-02;2026;2;False;False;8187029;53982,0000;53796,0000;217864,0000;2003,0000;123436175,7500;28;11787,0000;1705,0000;13492,0000;18944,0000;57,6702;4,0000;2286,6173;3,7105;1,6480;4,0010;12,6371;71,2204;0,9212
42;SC;Santa Catarina;Sul;0;Alta pressão;2026-03-01;2026-03;2026;3;False;False;8187029;58770,0000;58579,0000;241228,0000;2071,0000;133146335,2400;31;11770,0000;1708,0000;13478,0000;18966,0000;57,7352;4,1000;2265,5493;3,5239;1,6463;4,3604;12,6725;71,0640;1,0029
42;SC;Santa Catarina;Sul;0;Alta pressão;2026-04-01;2026-04;2026;4;False;False;8187029;58568,0000;58378,0000;233279,0000;2134,0000;130715341,5200;30;11778,0000;1713,0000;13491,0000;18980,0000;57,6382;4,0000;2231,8560;3,6436;1,6479;4,3413;12,6974;71,0801;0,9995
42;SC;Santa Catarina;Sul;0;Alta pressão;2026-05-01;2026-05;2026;5;False;False;8187029;58868,0000;58680,0000;236133,0000;2077,0000;135410263,4200;31;11782,0000;1715,0000;13497,0000;18961,0000;56,4362;4,0000;2300,2355;3,5282;1,6486;4,3616;12,7065;71,1830;1,0046
42;SC;Santa Catarina;Sul;0;Alta pressão;2026-06-01;2026-06;2026;6;False;False;8187029;59237,0000;59061,0000;241733,0000;2156,0000;138785313,9200;30;11811,0000;1716,0000;13527,0000;19077,0000;59,5680;4,1000;2342,8822;3,6396;1,6522;4,3792;12,6857;70,9074;1,0109
43;RS;Rio Grande do Sul;Sul;1;Baixa rotatividade;2025-01-01;2025-01;2025;1;True;False;11233263;66998,0000;66620,0000;394801,0000;3454,0000;125844311,4700;31;20119,0000;2717,0000;22836,0000;33800,0000;55,7695;5,9000;1878,3294;5,1554;2,0329;2,9339;11,8979;67,5621;0,9099
43;RS;Rio Grande do Sul;Sul;1;Baixa rotatividade;2025-02-01;2025-02;2025;2;True;False;11233263;66262,0000;65833,0000;389030,0000;3325,0000;126541689,8900;28;20262,0000;2695,0000;22957,0000;33857,0000;60,5215;5,9000;1909,7173;5,0180;2,0437;2,8864;11,7393;67,8058;0,8999
43;RS;Rio Grande do Sul;Sul;1;Baixa rotatividade;2025-03-01;2025-03;2025;3;True;False;11233263;68915,0000;68489,0000;395585,0000;3421,0000;126768377,8200;31;20185,0000;2655,0000;22840,0000;33826,0000;55,8704;5,8000;1839,4889;4,9641;2,0332;3,0173;11,6243;67,5220;0,9359
43;RS;Rio Grande do Sul;Sul;1;Baixa rotatividade;2025-04-01;2025-04;2025;4;True;False;11233263;70578,0000;70071,0000;410953,0000;3640,0000;134140304,2000;30;20107,0000;2643,0000;22750,0000;33762,0000;60,2129;5,9000;1900,5966;5,1574;2,0252;3,1023;11,6176;67,3834;0,9585
43;RS;Rio Grande do Sul;Sul;1;Baixa rotatividade;2025-05-01;2025-05;2025;5;True;False;11233263;73411,0000;72951,0000;434133,0000;3836,0000;142196181,9700;31;20028,0000;2800,0000;22828,0000;33861,0000;61,3470;6,0000;1936,9874;5,2254;2,0322;3,2158;12,2656;67,4168;0,9970
43;RS;Rio Grande do Sul;Sul;1;Baixa rotatividade;2025-06-01;2025-06;2025;6;True;False;11233263;71678,0000;71256,0000;416229,0000;4124,0000;135806933,1500;30;20005,0000;3009,0000;23014,0000;34033,0000;60,2863;5,8000;1894,6808;5,7535;2,0487;3,1145;13,0747;67,6226;0,9734
43;RS;Rio Grande do Sul;Sul;1;Baixa rotatividade;2025-07-01;2025-07;2025;7;True;False;11233263;75146,0000;74650,0000;436125,0000;4398,0000;143674438,9300;31;20008,0000;3086,0000;23094,0000;34122,0000;60,9186;5,8000;1911,9373;5,8526;2,0559;3,2539;13,3628;67,6807;1,0205
43;RS;Rio Grande do Sul;Sul;1;Baixa rotatividade;2025-08-01;2025-08;2025;8;True;False;11233263;74367,0000;73904,0000;431480,0000;4137,0000;146348123,4700;31;19992,0000;3086,0000;23078,0000;34102,0000;60,3116;5,8000;1967,9175;5,5630;2,0544;3,2224;13,3720;67,6735;1,0099
43;RS;Rio Grande do Sul;Sul;1;Baixa rotatividade;2025-09-01;2025-09;2025;9;True;False;11233263;75647,0000;75163,0000;436364,0000;4054,0000;152181485,6600;30;20115,0000;3022,0000;23137,0000;34173,0000;62,8667;5,8000;2011,7319;5,3591;2,0597;3,2695;13,0613;67,7055;1,0273
43;RS;Rio Grande do Sul;Sul;1;Baixa rotatividade;2025-10-01;2025-10;2025;10;True;False;11233263;75963,0000;75458,0000;430048,0000;3634,0000;152177778,6700;31;20205,0000;2964,0000;23169,0000;34102,0000;59,8753;5,7000;2003,3145;4,7839;2,0625;3,2786;12,7930;67,9403;1,0316
43;RS;Rio Grande do Sul;Sul;1;Baixa rotatividade;2025-11-01;2025-11;2025;11;True;False;11233263;73860,0000;73453,0000;409034,0000;3466,0000;152309689,3700;30;20285,0000;2870,0000;23155,0000;34113,0000;58,8835;5,6000;2062,1404;4,6927;2,0613;3,1898;12,3947;67,8773;1,0030
43;RS;Rio Grande do Sul;Sul;1;Baixa rotatividade;2025-12-01;2025-12;2025;12;True;False;11233263;70963,0000;70503,0000;397599,0000;3442,0000;150118270,4700;31;20350,0000;2733,0000;23083,0000;34070,0000;55,5637;5,6000;2115,4443;4,8504;2,0549;3,0743;11,8399;67,7517;0,9637
43;RS;Rio Grande do Sul;Sul;1;Baixa rotatividade;2026-01-01;2026-01;2026;1;False;False;11233263;70041,0000;69652,0000;399216,0000;3508,0000;142492287,8600;31;20346,0000;2726,0000;23072,0000;34137,0000;55,8163;5,7000;2034,4125;5,0085;2,0539;3,0358;11,8152;67,5865;0,9512
43;RS;Rio Grande do Sul;Sul;1;Baixa rotatividade;2026-02-01;2026-02;2026;2;False;False;11233263;68243,0000;67798,0000;383276,0000;3255,0000;142511330,4300;28;20345,0000;2726,0000;23071,0000;33995,0000;59,3318;5,7000;2088,2923;4,7697;2,0538;2,9580;11,8157;67,8659;0,9268
43;RS;Rio Grande do Sul;Sul;1;Baixa rotatividade;2026-03-01;2026-03;2026;3;False;False;11233263;73983,0000;73467,0000;418595,0000;3337,0000;155196988,1100;31;20252,0000;2954,0000;23206,0000;34022,0000;58,1878;5,7000;2097,7385;4,5105;2,0658;3,1881;12,7295;68,2088;1,0047
43;RS;Rio Grande do Sul;Sul;1;Baixa rotatividade;2026-04-01;2026-04;2026;4;False;False;11233263;75138,0000;74654,0000;417244,0000;3575,0000;157758579,0100;30;20100,0000;3125,0000;23225,0000;34282,0000;59,8843;5,6000;2099,5845;4,7579;2,0675;3,2352;13,4553;67,7469;1,0204
43;RS;Rio Grande do Sul;Sul;1;Baixa rotatividade;2026-05-01;2026-05;2026;5;False;False;11233263;74689,0000;74216,0000;411881,0000;3729,0000;160051390,6100;31;20025,0000;3345,0000;23370,0000;34408,0000;56,8527;5,5000;2142,9045;4,9927;2,0804;3,1959;14,3132;67,9203;1,0143
43;RS;Rio Grande do Sul;Sul;1;Baixa rotatividade;2026-06-01;2026-06;2026;6;False;False;11233263;76035,0000;75588,0000;428024,0000;3975,0000;166452553,4500;30;20022,0000;3355,0000;23377,0000;34364,0000;61,0321;5,7000;2189,1570;5,2279;2,0811;3,2526;14,3517;68,0276;1,0326
50;MS;Mato Grosso do Sul;Centro-Oeste;0;Alta pressão;2025-01-01;2025-01;2025;1;True;False;2924631;18666,0000;18541,0000;87062,0000;796,0000;30469728,4100;31;3974,0000;583,0000;4557,0000;6802,0000;61,6294;4,7000;1632,3652;4,2644;1,5581;4,0961;12,7935;66,9950;1,0596
50;MS;Mato Grosso do Sul;Centro-Oeste;0;Alta pressão;2025-02-01;2025-02;2025;2;True;False;2924631;16939,0000;16793,0000;73775,0000;655,0000;26700192,7100;28;3976,0000;583,0000;4559,0000;6802,0000;57,7938;4,4000;1576,2555;3,8668;1,5588;3,7155;12,7879;67,0244;0,9616
50;MS;Mato Grosso do Sul;Centro-Oeste;0;Alta pressão;2025-03-01;2025-03;2025;3;True;False;2924631;17766,0000;17628,0000;80044,0000;691,0000;26225107,9600;31;3976,0000;583,0000;4559,0000;6820,0000;56,6366;4,5000;1476,1403;3,8895;1,5588;3,8969;12,7879;66,8475;1,0085
50;MS;Mato Grosso do Sul;Centro-Oeste;0;Alta pressão;2025-04-01;2025-04;2025;4;True;False;2924631;18774,0000;18639,0000;85682,0000;761,0000;27942484,0300;30;3992,0000;583,0000;4575,0000;6871,0000;62,4277;4,6000;1488,3607;4,0535;1,5643;4,1036;12,7432;66,5842;1,0657
50;MS;Mato Grosso do Sul;Centro-Oeste;0;Alta pressão;2025-05-01;2025-05;2025;5;True;False;2924631;18744,0000;18621,0000;86090,0000;777,0000;30018066,6400;31;4040,0000;586,0000;4626,0000;6920,0000;60,0324;4,6000;1601,4760;4,1453;1,5817;4,0519;12,6675;66,8497;1,0640
50;MS;Mato Grosso do Sul;Centro-Oeste;0;Alta pressão;2025-06-01;2025-06;2025;6;True;False;2924631;17680,0000;17540,0000;82732,0000;771,0000;28438287,9700;30;4051,0000;586,0000;4637,0000;6918,0000;59,4724;4,7000;1608,5005;4,3609;1,5855;3,8128;12,6375;67,0280;1,0036
50;MS;Mato Grosso do Sul;Centro-Oeste;0;Alta pressão;2025-07-01;2025-07;2025;7;True;False;2924631;18272,0000;18135,0000;84847,0000;760,0000;28085221,2700;31;4001,0000;586,0000;4587,0000;6905,0000;59,6686;4,7000;1537,0633;4,1594;1,5684;3,9834;12,7752;66,4301;1,0372
50;MS;Mato Grosso do Sul;Centro-Oeste;0;Alta pressão;2025-08-01;2025-08;2025;8;True;False;2924631;18088,0000;17969,0000;83449,0000;816,0000;29204770,0200;31;4004,0000;586,0000;4590,0000;6892,0000;58,6471;4,6000;1614,5937;4,5113;1,5694;3,9407;12,7669;66,5990;1,0268
50;MS;Mato Grosso do Sul;Centro-Oeste;0;Alta pressão;2025-09-01;2025-09;2025;9;True;False;2924631;18389,0000;18261,0000;83210,0000;753,0000;30582264,8400;30;3985,0000;586,0000;4571,0000;6931,0000;60,6796;4,6000;1663,0738;4,0948;1,5629;4,0230;12,8200;65,9501;1,0439
50;MS;Mato Grosso do Sul;Centro-Oeste;0;Alta pressão;2025-10-01;2025-10;2025;10;True;False;2924631;17417,0000;17287,0000;78631,0000;768,0000;26955579,7000;31;4031,0000;586,0000;4617,0000;6941,0000;54,9379;4,5000;1547,6592;4,4095;1,5787;3,7724;12,6922;66,5178;0,9887
50;MS;Mato Grosso do Sul;Centro-Oeste;0;Alta pressão;2025-11-01;2025-11;2025;11;True;False;2924631;16642,0000;16509,0000;75976,0000;705,0000;27462027,1400;30;4034,0000;585,0000;4619,0000;6953,0000;54,8286;4,6000;1650,1639;4,2363;1,5793;3,6029;12,6651;66,4318;0,9447
50;MS;Mato Grosso do Sul;Centro-Oeste;0;Alta pressão;2025-12-01;2025-12;2025;12;True;False;2924631;16193,0000;16041,0000;76778,0000;619,0000;28089370,9300;31;4033,0000;585,0000;4618,0000;6990,0000;53,6317;4,8000;1734,6613;3,8226;1,5790;3,5065;12,6678;66,0658;0,9192
50;MS;Mato Grosso do Sul;Centro-Oeste;0;Alta pressão;2026-01-01;2026-01;2026;1;False;False;2924631;17584,0000;17443,0000;82621,0000;751,0000;28525207,2800;31;4040,0000;585,0000;4625,0000;7007,0000;57,6258;4,7000;1622,2252;4,2709;1,5814;3,8019;12,6486;66,0054;0,9982
50;MS;Mato Grosso do Sul;Centro-Oeste;0;Alta pressão;2026-02-01;2026-02;2026;2;False;False;2924631;16834,0000;16691,0000;81158,0000;708,0000;29025231,1000;28;4042,0000;584,0000;4626,0000;6997,0000;62,6567;4,9000;1724,2029;4,2058;1,5817;3,6390;12,6243;66,1140;0,9556
50;MS;Mato Grosso do Sul;Centro-Oeste;0;Alta pressão;2026-03-01;2026-03;2026;3;False;False;2924631;17133,0000;16986,0000;79927,0000;693,0000;27066827,7300;31;4039,0000;585,0000;4624,0000;7002,0000;55,7589;4,7000;1579,8067;4,0448;1,5811;3,7052;12,6514;66,0383;0,9726
50;MS;Mato Grosso do Sul;Centro-Oeste;0;Alta pressão;2026-04-01;2026-04;2026;4;False;False;2924631;17648,0000;17492,0000;83145,0000;709,0000;27576827,7600;30;4058,0000;603,0000;4661,0000;7011,0000;59,4615;4,8000;1562,6036;4,0175;1,5937;3,7863;12,9371;66,4812;1,0018
50;MS;Mato Grosso do Sul;Centro-Oeste;0;Alta pressão;2026-05-01;2026-05;2026;5;False;False;2924631;17469,0000;17312,0000;82743,0000;720,0000;30135906,5700;31;4044,0000;603,0000;4647,0000;6860,0000;57,4377;4,8000;1725,1077;4,1216;1,5889;3,7592;12,9761;67,7405;0,9917
50;MS;Mato Grosso do Sul;Centro-Oeste;0;Alta pressão;2026-06-01;2026-06;2026;6;False;False;2924631;16782,0000;16618,0000;77990,0000;667,0000;28815021,6000;30;4045,0000;603,0000;4648,0000;6801,0000;55,9309;4,7000;1717,0195;3,9745;1,5893;3,6106;12,9733;68,3429;0,9527
51;MT;Mato Grosso;Centro-Oeste;2;Rede folgada;2025-01-01;2025-01;2025;1;True;False;3893659;20559,0000;20475,0000;99683,0000;759,0000;27677916,6300;31;6043,0000;727,0000;6770,0000;9390,0000;47,4975;4,9000;1346,2677;3,6918;1,7387;3,0368;10,7386;72,0980;0,9273
51;MT;Mato Grosso;Centro-Oeste;2;Rede folgada;2025-02-01;2025-02;2025;2;True;False;3893659;20655,0000;20487,0000;92225,0000;637,0000;26312066,0100;28;6018,0000;704,0000;6722,0000;9401,0000;48,9996;4,5000;1273,8836;3,0840;1,7264;3,0727;10,4731;71,5030;0,9316
51;MT;Mato Grosso;Centro-Oeste;2;Rede folgada;2025-03-01;2025-03;2025;3;True;False;3893659;23311,0000;23144,0000;108498,0000;816,0000;30051322,9300;31;6018,0000;700,0000;6718,0000;9521,0000;52,0979;4,7000;1289,1477;3,5005;1,7254;3,4699;10,4198;70,5598;1,0514
51;MT;Mato Grosso;Centro-Oeste;2;Rede folgada;2025-04-01;2025-04;2025;4;True;False;3893659;21906,0000;21747,0000;100312,0000;659,0000;28452069,5800;30;5994,0000;721,0000;6715,0000;9572,0000;49,7950;4,6000;1298,8254;3,0083;1,7246;3,2622;10,7372;70,1525;0,9881
51;MT;Mato Grosso;Centro-Oeste;2;Rede folgada;2025-05-01;2025-05;2025;5;True;False;3893659;22988,0000;22905,0000;99702,0000;774,0000;29327509,8900;31;6003,0000;720,0000;6723,0000;9454,0000;47,8387;4,4000;1275,7747;3,3670;1,7267;3,4193;10,7095;71,1128;1,0369
51;MT;Mato Grosso;Centro-Oeste;2;Rede folgada;2025-06-01;2025-06;2025;6;True;False;3893659;23314,0000;23143,0000;106483,0000;781,0000;30877786,5500;30;5997,0000;718,0000;6715,0000;9444,0000;52,8583;4,6000;1324,4311;3,3499;1,7246;3,4719;10,6925;71,1033;1,0516
51;MT;Mato Grosso;Centro-Oeste;2;Rede folgada;2025-07-01;2025-07;2025;7;True;False;3893659;21914,0000;21734,0000;96619,0000;773,0000;26600972,4100;31;6130,0000;737,0000;6867,0000;9550,0000;45,3872;4,4000;1213,8803;3,5274;1,7636;3,1912;10,7325;71,9058;0,9884
51;MT;Mato Grosso;Centro-Oeste;2;Rede folgada;2025-08-01;2025-08;2025;8;True;False;3893659;23376,0000;23204,0000;103512,0000;679,0000;32708055,6200;31;6178,0000;737,0000;6915,0000;9631,0000;48,2877;4,5000;1399,2152;2,9047;1,7760;3,3805;10,6580;71,7994;1,0544
51;MT;Mato Grosso;Centro-Oeste;2;Rede folgada;2025-09-01;2025-09;2025;9;True;False;3893659;22979,0000;22801,0000;101576,0000;680,0000;32728369,2000;30;6119,0000;737,0000;6856,0000;9547,0000;49,3855;4,5000;1424,2730;2,9592;1,7608;3,3517;10,7497;71,8131;1,0365
51;MT;Mato Grosso;Centro-Oeste;2;Rede folgada;2025-10-01;2025-10;2025;10;True;False;3893659;22427,0000;22241,0000;96283,0000;636,0000;28675719,7400;31;6106,0000;737,0000;6843,0000;9591,0000;45,3880;4,3000;1278,6249;2,8359;1,7575;3,2774;10,7701;71,3481;1,0116
51;MT;Mato Grosso;Centro-Oeste;2;Rede folgada;2025-11-01;2025-11;2025;11;True;False;3893659;21284,0000;21127,0000;92470,0000;683,0000;29131857,9900;30;6032,0000;745,0000;6777,0000;9518,0000;45,4823;4,4000;1368,7210;3,2090;1,7405;3,1406;10,9931;71,2019;0,9600
51;MT;Mato Grosso;Centro-Oeste;2;Rede folgada;2025-12-01;2025-12;2025;12;True;False;3893659;20652,0000;20484,0000;90798,0000;593,0000;27442563,9200;31;6089,0000;753,0000;6842,0000;9460,0000;42,8086;4,4000;1328,8090;2,8714;1,7572;3,0184;11,0056;72,3256;0,9315
51;MT;Mato Grosso;Centro-Oeste;2;Rede folgada;2026-01-01;2026-01;2026;1;False;False;3893659;21329,0000;21238,0000;93827,0000;647,0000;28971406,0800;31;6108,0000;755,0000;6863,0000;9580,0000;44,1014;4,4000;1358,3106;3,0334;1,7626;3,1078;11,0010;71,6388;0,9620
51;MT;Mato Grosso;Centro-Oeste;2;Rede folgada;2026-02-01;2026-02;2026;2;False;False;3893659;20677,0000;20512,0000;90265,0000;618,0000;27030813,0000;28;6118,0000;756,0000;6874,0000;9545,0000;46,8977;4,4000;1307,2889;2,9888;1,7654;3,0080;10,9980;72,0168;0,9326
51;MT;Mato Grosso;Centro-Oeste;2;Rede folgada;2026-03-01;2026-03;2026;3;False;False;3893659;23127,0000;22955,0000;96150,0000;688,0000;30065176,4900;31;6158,0000;750,0000;6908,0000;9543,0000;44,8989;4,2000;1300,0033;2,9749;1,7742;3,3479;10,8570;72,3881;1,0431
51;MT;Mato Grosso;Centro-Oeste;2;Rede folgada;2026-04-01;2026-04;2026;4;False;False;3893659;22925,0000;22749,0000;98362,0000;675,0000;29659703,1100;30;6099,0000;754,0000;6853,0000;9498,0000;47,8438;4,3000;1293,7711;2,9444;1,7600;3,3453;11,0025;72,1520;1,0340
51;MT;Mato Grosso;Centro-Oeste;2;Rede folgada;2026-05-01;2026-05;2026;5;False;False;3893659;22908,0000;22742,0000;99895,0000;700,0000;32496129,9000;31;6118,0000;751,0000;6869,0000;9455,0000;46,9125;4,4000;1418,5494;3,0557;1,7642;3,3350;10,9332;72,6494;1,0333
51;MT;Mato Grosso;Centro-Oeste;2;Rede folgada;2026-06-01;2026-06;2026;6;False;False;3893659;20541,0000;20371,0000;94437,0000;627,0000;30359680,4200;30;6120,0000;761,0000;6881,0000;9553,0000;45,7477;4,6000;1478,0040;3,0524;1,7672;2,9852;11,0594;72,0297;0,9265
52;GO;Goiás;Centro-Oeste;2;Rede folgada;2025-01-01;2025-01;2025;1;True;False;7423629;38096,0000;37254,0000;172529,0000;1398,0000;57912936,5000;31;12062,0000;1358,0000;13420,0000;20904,0000;41,4713;4,6000;1520,1842;3,6697;1,8077;2,8387;10,1192;64,1982;0,9775
52;GO;Goiás;Centro-Oeste;2;Rede folgada;2025-02-01;2025-02;2025;2;True;False;7423629;37257,0000;36383,0000;165399,0000;1246,0000;57245928,3400;28;12046,0000;1349,0000;13395,0000;20788,0000;44,0993;4,5000;1536,5147;3,3443;1,8044;2,7814;10,0709;64,4362;0,9560
52;GO;Goiás;Centro-Oeste;2;Rede folgada;2025-03-01;2025-03;2025;3;True;False;7423629;40264,0000;39387,0000;180858,0000;1407,0000;61671564,3400;31;12064,0000;1349,0000;13413,0000;20827,0000;43,4961;4,6000;1531,6800;3,4944;1,8068;3,0019;10,0574;64,4020;1,0331
52;GO;Goiás;Centro-Oeste;2;Rede folgada;2025-04-01;2025-04;2025;4;True;False;7423629;39032,0000;38160,0000;169134,0000;1212,0000;60865282,3000;30;12096,0000;1349,0000;13445,0000;20887,0000;41,9323;4,4000;1559,3688;3,1051;1,8111;2,9031;10,0335;64,3702;1,0015
52;GO;Goiás;Centro-Oeste;2;Rede folgada;2025-05-01;2025-05;2025;5;True;False;7423629;41650,0000;40773,0000;188415,0000;1506,0000;61629635,3600;31;12185,0000;1355,0000;13540,0000;20991,0000;44,8885;4,6000;1479,7031;3,6158;1,8239;3,0761;10,0074;64,5038;1,0687
52;GO;Goiás;Centro-Oeste;2;Rede folgada;2025-06-01;2025-06;2025;6;True;False;7423629;39558,0000;38678,0000;175406,0000;1447,0000;61096044,3000;30;12174,0000;1355,0000;13529,0000;20995,0000;43,2173;4,5000;1544,4675;3,6579;1,8224;2,9239;10,0155;64,4392;1,0150
52;GO;Goiás;Centro-Oeste;2;Rede folgada;2025-07-01;2025-07;2025;7;True;False;7423629;39900,0000;39027,0000;182299,0000;1547,0000;66099119,3700;31;12150,0000;1425,0000;13575,0000;21044,0000;43,3194;4,7000;1656,6195;3,8772;1,8286;2,9392;10,4972;64,5077;1,0238
52;GO;Goiás;Centro-Oeste;2;Rede folgada;2025-08-01;2025-08;2025;8;True;False;7423629;39311,0000;38429,0000;178269,0000;1449,0000;64245109,8300;31;12210,0000;1439,0000;13649,0000;21100,0000;42,1321;4,6000;1634,2782;3,6860;1,8386;2,8801;10,5429;64,6872;1,0087
52;GO;Goiás;Centro-Oeste;2;Rede folgada;2025-09-01;2025-09;2025;9;True;False;7423629;38424,0000;37521,0000;172683,0000;1344,0000;62655506,3400;30;12201,0000;1439,0000;13640,0000;21111,0000;42,2001;4,6000;1630,6347;3,4978;1,8374;2,8170;10,5499;64,6109;0,9859
52;GO;Goiás;Centro-Oeste;2;Rede folgada;2025-10-01;2025-10;2025;10;True;False;7423629;38977,0000;38084,0000;172477,0000;1394,0000;65767907,8100;31;12075,0000;1425,0000;13500,0000;20965,0000;41,2131;4,5000;1687,3517;3,5765;1,8185;2,8872;10,5556;64,3930;1,0001
52;GO;Goiás;Centro-Oeste;2;Rede folgada;2025-11-01;2025-11;2025;11;True;False;7423629;38219,0000;37361,0000;168791,0000;1259,0000;63887241,7200;30;12054,0000;1426,0000;13480,0000;20964,0000;41,7386;4,5000;1671,6095;3,2942;1,8158;2,8352;10,5786;64,3007;0,9807
52;GO;Goiás;Centro-Oeste;2;Rede folgada;2025-12-01;2025-12;2025;12;True;False;7423629;37195,0000;36327,0000;165472,0000;1274,0000;61094990,0000;31;12050,0000;1426,0000;13476,0000;20949,0000;39,6097;4,6000;1642,5592;3,4252;1,8153;2,7601;10,5818;64,3277;0,9544
52;GO;Goiás;Centro-Oeste;2;Rede folgada;2026-01-01;2026-01;2026;1;False;False;7423629;37035,0000;36102,0000;170436,0000;1267,0000;60101851,4700;31;11996,0000;1402,0000;13398,0000;20811,0000;41,0355;4,7000;1622,8392;3,4211;1,8048;2,7642;10,4642;64,3794;0,9503
52;GO;Goiás;Centro-Oeste;2;Rede folgada;2026-02-01;2026-02;2026;2;False;False;7423629;37040,0000;36121,0000;159568,0000;1205,0000;60013157,8400;28;11969,0000;1414,0000;13383,0000;20826,0000;42,5828;4,4000;1620,2256;3,2532;1,8028;2,7677;10,5656;64,2610;0,9504
52;GO;Goiás;Centro-Oeste;2;Rede folgada;2026-03-01;2026-03;2026;3;False;False;7423629;39981,0000;39076,0000;180644,0000;1346,0000;65184399,7900;31;11904,0000;1412,0000;13316,0000;20803,0000;43,7611;4,6000;1630,3844;3,3666;1,7937;3,0025;10,6038;64,0100;1,0259
52;GO;Goiás;Centro-Oeste;2;Rede folgada;2026-04-01;2026-04;2026;4;False;False;7423629;38968,0000;38077,0000;171497,0000;1364,0000;60068560,8100;30;11622,0000;1745,0000;13367,0000;20735,0000;42,7663;4,5000;1541,4843;3,5003;1,8006;2,9152;13,0545;64,4659;0,9999
52;GO;Goiás;Centro-Oeste;2;Rede folgada;2026-05-01;2026-05;2026;5;False;False;7423629;39503,0000;38634,0000;178603,0000;1415,0000;69648238,9000;31;11509,0000;1733,0000;13242,0000;20575,0000;43,5084;4,6000;1763,1126;3,5820;1,7838;2,9832;13,0871;64,3597;1,0136
52;GO;Goiás;Centro-Oeste;2;Rede folgada;2026-06-01;2026-06;2026;6;False;False;7423629;36749,0000;35855,0000;166588,0000;1348,0000;64901720,8600;30;11475,0000;1739,0000;13214,0000;20596,0000;42,0231;4,6000;1766,0813;3,6681;1,7800;2,7811;13,1603;64,1581;0,9429
53;DF;Distrito Federal;Centro-Oeste;0;Alta pressão;2025-01-01;2025-01;2025;1;True;False;2996899;20995,0000;20926,0000;122450,0000;652,0000;33614495,9900;31;4934,0000;668,0000;5602,0000;10856,0000;70,5105;5,9000;1601,0715;3,1055;1,8693;3,7478;11,9243;51,6028;1,0151
53;DF;Distrito Federal;Centro-Oeste;0;Alta pressão;2025-02-01;2025-02;2025;2;True;False;2996899;19383,0000;19284,0000;113191,0000;505,0000;33173357,8700;28;4948,0000;668,0000;5616,0000;10980,0000;71,9825;5,9000;1711,4666;2,6054;1,8739;3,4514;11,8946;51,1475;0,9371
53;DF;Distrito Federal;Centro-Oeste;0;Alta pressão;2025-03-01;2025-03;2025;3;True;False;2996899;21044,0000;20983,0000;116980,0000;590,0000;34451418,5200;31;4942,0000;668,0000;5610,0000;10895,0000;67,2647;5,6000;1637,1136;2,8036;1,8719;3,7512;11,9073;51,4915;1,0174
53;DF;Distrito Federal;Centro-Oeste;0;Alta pressão;2025-04-01;2025-04;2025;4;True;False;2996899;20310,0000;20236,0000;115966,0000;516,0000;33403282,7700;30;4940,0000;668,0000;5608,0000;10980,0000;68,9289;5,7000;1644,6717;2,5406;1,8713;3,6216;11,9116;51,0747;0,9819
53;DF;Distrito Federal;Centro-Oeste;0;Alta pressão;2025-05-01;2025-05;2025;5;True;False;2996899;21894,0000;21819,0000;122933,0000;599,0000;37221488,2600;31;4938,0000;694,0000;5632,0000;11061,0000;70,4116;5,6000;1700,0771;2,7359;1,8793;3,8874;12,3224;50,9176;1,0585
53;DF;Distrito Federal;Centro-Oeste;0;Alta pressão;2025-06-01;2025-06;2025;6;True;False;2996899;21120,0000;21036,0000;119646,0000;577,0000;33972979,1900;30;4876,0000;710,0000;5586,0000;10990,0000;71,3963;5,7000;1608,5691;2,7320;1,8639;3,7809;12,7103;50,8280;1,0211
53;DF;Distrito Federal;Centro-Oeste;0;Alta pressão;2025-07-01;2025-07;2025;7;True;False;2996899;21589,0000;21517,0000;122666,0000;664,0000;35776834,1000;31;4859,0000;707,0000;5566,0000;10903,0000;71,0918;5,7000;1657,1788;3,0756;1,8573;3,8787;12,7021;51,0502;1,0438
53;DF;Distrito Federal;Centro-Oeste;0;Alta pressão;2025-08-01;2025-08;2025;8;True;False;2996899;20540,0000;20461,0000;119571,0000;603,0000;35834451,3300;31;4850,0000;707,0000;5557,0000;10790,0000;69,4103;5,8000;1744,6179;2,9357;1,8543;3,6962;12,7227;51,5014;0,9931
53;DF;Distrito Federal;Centro-Oeste;0;Alta pressão;2025-09-01;2025-09;2025;9;True;False;2996899;20873,0000;20803,0000;119437,0000;633,0000;37403269,1600;30;4872,0000;691,0000;5563,0000;10817,0000;71,5663;5,7000;1791,9451;3,0326;1,8563;3,7521;12,4214;51,4283;1,0092
53;DF;Distrito Federal;Centro-Oeste;0;Alta pressão;2025-10-01;2025-10;2025;10;True;False;2996899;20827,0000;20766,0000;119657,0000;602,0000;37449608,6900;31;4874,0000;691,0000;5565,0000;10676,0000;69,3603;5,8000;1798,1278;2,8905;1,8569;3,7425;12,4169;52,1263;1,0069
53;DF;Distrito Federal;Centro-Oeste;0;Alta pressão;2025-11-01;2025-11;2025;11;True;False;2996899;19791,0000;19737,0000;113823,0000;548,0000;35152029,9500;30;4880,0000;691,0000;5571,0000;10654,0000;68,1045;5,8000;1776,1624;2,7689;1,8589;3,5525;12,4035;52,2902;0,9568
53;DF;Distrito Federal;Centro-Oeste;0;Alta pressão;2025-12-01;2025-12;2025;12;True;False;2996899;20358,0000;20313,0000;117039,0000;576,0000;35360786,8200;31;4913,0000;691,0000;5604,0000;10680,0000;67,3707;5,8000;1736,9480;2,8294;1,8699;3,6328;12,3305;52,4719;0,9843
53;DF;Distrito Federal;Centro-Oeste;0;Alta pressão;2026-01-01;2026-01;2026;1;False;False;2996899;19532,0000;19492,0000;115671,0000;598,0000;35779429,8600;31;4957,0000;691,0000;5648,0000;10650,0000;66,0645;5,9000;1831,8365;3,0616;1,8846;3,4582;12,2344;53,0329;0,9443
53;DF;Distrito Federal;Centro-Oeste;0;Alta pressão;2026-02-01;2026-02;2026;2;False;False;2996899;18350,0000;18277,0000;106008,0000;539,0000;33024887,8000;28;4964,0000;691,0000;5655,0000;10378,0000;66,9496;5,8000;1799,7214;2,9373;1,8870;3,2449;12,2193;54,4903;0,8872
53;DF;Distrito Federal;Centro-Oeste;0;Alta pressão;2026-03-01;2026-03;2026;3;False;False;2996899;20437,0000;20349,0000;117471,0000;591,0000;38020271,5200;31;5014,0000;691,0000;5705,0000;10512,0000;66,4222;5,8000;1860,3646;2,8918;1,9036;3,5823;12,1122;54,2713;0,9881
53;DF;Distrito Federal;Centro-Oeste;0;Alta pressão;2026-04-01;2026-04;2026;4;False;False;2996899;19766,0000;19689,0000;109192,0000;562,0000;35079870,6500;30;5000,0000;695,0000;5695,0000;10380,0000;63,9110;5,5000;1774,7582;2,8433;1,9003;3,4708;12,2037;54,8651;0,9556
53;DF;Distrito Federal;Centro-Oeste;0;Alta pressão;2026-05-01;2026-05;2026;5;False;False;2996899;21519,0000;21460,0000;124204,0000;600,0000;39346509,5000;31;5000,0000;695,0000;5695,0000;10487,0000;70,3526;5,8000;1828,4544;2,7882;1,9003;3,7786;12,2037;54,3053;1,0404
53;DF;Distrito Federal;Centro-Oeste;0;Alta pressão;2026-06-01;2026-06;2026;6;False;False;2996899;21185,0000;21121,0000;121397,0000;621,0000;37036018,8900;30;4869,0000;754,0000;5623,0000;10385,0000;71,9646;5,7000;1748,2190;2,9313;1,8763;3,7676;13,4092;54,1454;1,0242
